Year,Month,Country,Model,Segment,Engine Type,Active Dealership Count,Gdp_Growth_Percent,Interest_Rate_Percent,Competition By Rivarly Index,Model Units Sold,Price_INR,Marketing_Spend_INR,Fuel_Price_INR
2021,1,Australia,X1,SUV,Petrol,96,9.05,4,8,324,6078737.28,23312298.24,99.86
2018,8,Australia,i4,Sedan,Electric,234,6.53,6.5,7,556,5627881.49,30624905.22,75.55
2022,12,USA,5 Series,Electric,Hybrid,25,7.24,6.25,7,152,3190688.4,20416743,105.41
2019,11,Australia,i7,SUV,Electric,319,4.04,5.15,5,730,2983765.82,22783757.22,72.96
2021,12,Brazil,X5,SUV,Diesel,367,9.05,4,2,1156,6084724.8,35630548.8,99.86
2024,12,China,i7,Electric,Diesel,172,6.8,6.5,6,687,9864524.8,29049696,94.77
2017,4,USA,i4,Electric,Diesel,107,6.8,6,10,439,7457933.12,8412396.96,63.09
2021,4,USA,X7,Sedan,Diesel,165,9.05,4,3,489,3816193.92,29967020.16,99.86
2022,5,India,3 Series,Sedan,Petrol,11,7.24,6.25,4,435,3311418,38315928,105.41
2019,8,UK,7 Series,SUV,Petrol,359,4.04,5.15,10,1080,2945527.76,6500963.14,72.96
2018,5,UK,5 Series,Electric,Electric,178,6.53,6.5,2,447,6327032.46,15660352.54,75.55
2022,8,Brazil,X3,Electric,Hybrid,324,7.24,6.25,2,827,6890390.4,20884413,105.41
2022,10,Canada,X3,Electric,Diesel,334,7.24,6.25,8,712,4156603.8,32590153.8,105.41
2017,1,Germany,X3,SUV,Electric,384,6.8,6,8,1181,5083202.08,14738349.12,63.09
2020,12,Germany,X1,Electric,Petrol,101,5.83,4,10,307,8823679.8,26100984,79.76
2019,10,France,X3,Electric,Petrol,190,4.04,5.15,6,725,5487971.44,25768720.18,72.96
2016,9,Brazil,7 Series,SUV,Hybrid,240,8.26,6.25,5,588,6468314.11,6876493.36,59.68
2022,6,USA,3 Series,Sedan,Hybrid,310,7.24,6.25,8,644,8723499.6,23270316,105.41
2020,3,Brazil,X3,Sedan,Hybrid,157,5.83,4,4,534,2744293.5,32050176.6,79.76
2016,8,Brazil,i7,SUV,Electric,289,8.26,6.25,4,1004,5089306.55,16771833.42,59.68
2019,9,Brazil,i7,Electric,Petrol,198,4.04,5.15,5,544,3678811.22,14751863.28,72.96
2015,6,UK,X1,SUV,Petrol,356,8,6.75,1,751,5643596.25,10295369.35,60.49
2024,11,Brazil,7 Series,Sedan,Hybrid,359,6.8,6.5,1,1061,4838412.8,41173516.8,94.77
2020,7,China,3 Series,Sedan,Diesel,323,5.83,4,2,954,4492312.5,36513886.5,79.76
2023,1,Germany,5 Series,SUV,Hybrid,137,8.2,6.5,8,673,6601471.5,25486634.19,96.72
2015,5,France,i4,SUV,Electric,16,8,6.75,7,15,5863053.4,3948368.35,60.49
2024,5,China,3 Series,Sedan,Hybrid,56,6.8,6.5,10,107,4021139.2,6301484.8,94.77
2017,10,France,i4,SUV,Hybrid,62,6.8,6,9,523,6442126.24,21707947.36,63.09
2021,4,India,X7,Sedan,Electric,196,9.05,4,5,782,8849628.48,11609209.92,99.86
2018,6,France,i4,SUV,Hybrid,47,6.53,6.5,2,397,6703177.46,4453283.24,75.55
2023,7,Germany,X5,SUV,Petrol,235,8.2,6.5,7,773,6138749.22,5783615.65,96.72
2017,9,Germany,i7,SUV,Diesel,62,6.8,6,8,179,6864364.32,30576640.16,63.09
2019,1,Brazil,7 Series,Sedan,Hybrid,233,4.04,5.15,7,652,6301040.76,6035627.78,72.96
2017,6,Japan,iX,SUV,Electric,163,6.8,6,7,389,3077180.48,23167156.32,63.09
2021,7,India,X1,Sedan,Diesel,57,9.05,4,5,213,6707057.28,15373659.84,99.86
2019,3,USA,X5,Sedan,Electric,360,4.04,5.15,2,945,4480190.82,17863793.5,72.96
2023,8,Australia,i4,SUV,Diesel,156,8.2,6.5,6,705,9201683.37,23050819.19,96.72
2021,5,France,X3,SUV,Diesel,73,9.05,4,4,368,5996464.32,31927748.16,99.86
2016,9,Japan,7 Series,Sedan,Hybrid,358,8.26,6.25,10,743,7822125.42,23856682.97,59.68
2018,5,Brazil,X5,Sedan,Petrol,191,6.53,6.5,2,805,6510522.83,27059529.35,75.55
2023,9,UK,X1,Electric,Hybrid,134,8.2,6.5,9,380,9873472.89,22229660.54,96.72
2016,10,USA,i7,Sedan,Electric,188,8.26,6.25,7,543,5202588.89,16093214.42,59.68
2024,4,Canada,7 Series,Electric,Electric,48,6.8,6.5,6,429,3314438.4,19427200,94.77
2023,9,Japan,X1,Electric,Diesel,269,8.2,6.5,5,661,9756718.91,40550952.7,96.72
2024,5,UK,X7,Electric,Diesel,391,6.8,6.5,3,1001,8838502.4,26506771.2,94.77
2019,10,India,X7,SUV,Petrol,12,4.04,5.15,10,413,5914857.48,3908239.58,72.96
2016,9,Brazil,X1,SUV,Hybrid,73,8.26,6.25,10,396,7664968.01,5982664.79,59.68
2018,3,USA,X5,Sedan,Electric,38,6.53,6.5,4,225,3256389.85,23489161.01,75.55
2021,4,USA,7 Series,Electric,Diesel,381,9.05,4,3,992,2695566.72,13480864.32,99.86
2022,9,USA,X5,SUV,Petrol,20,7.24,6.25,8,476,5169600.6,34006290,105.41
2017,10,India,5 Series,SUV,Electric,106,6.8,6,3,357,7741856.32,12116617.92,63.09
2015,11,France,i4,SUV,Diesel,367,8,6.75,7,1145,6473440.65,17736576.9,60.49
2018,6,Canada,5 Series,SUV,Electric,212,6.53,6.5,7,679,3812468.94,17934251.65,75.55
2016,2,India,X7,SUV,Petrol,30,8.26,6.25,7,184,6432703.41,20683164.89,59.68
2022,7,Australia,i7,Electric,Petrol,48,7.24,6.25,7,205,8517803.4,35425413,105.41
2018,2,Canada,3 Series,Electric,Electric,232,6.53,6.5,2,534,2523112.27,27615266.49,75.55
2016,11,Germany,i4,Electric,Hybrid,111,8.26,6.25,10,578,4405849.87,23146887.81,59.68
2020,2,Brazil,X7,Electric,Electric,55,5.83,4,3,292,5622263.4,28598820.9,79.76
2020,11,India,X5,Sedan,Diesel,75,5.83,4,10,495,8326024.2,28195865.1,79.76
2024,1,UK,X5,Electric,Hybrid,100,6.8,6.5,9,576,5688134.4,35114560,94.77
2018,11,Canada,X5,SUV,Diesel,173,6.53,6.5,3,534,3843449.61,29377129.67,75.55
2020,11,Australia,i7,Electric,Electric,120,5.83,4,2,453,8101204.8,28861875.9,79.76
2016,12,Germany,5 Series,Sedan,Hybrid,347,8.26,6.25,9,1070,6230125.56,11168321.8,59.68
2024,11,France,3 Series,SUV,Diesel,132,6.8,6.5,10,348,5940896,22582227.2,94.77
2016,3,UK,X5,Electric,Electric,202,8.26,6.25,9,651,3425950.91,26830109.23,59.68
2024,6,Canada,iX,Electric,Electric,108,6.8,6.5,4,307,5319059.2,26136448,94.77
2018,8,Brazil,i4,Electric,Hybrid,300,6.53,6.5,9,951,3028993.1,20590245.69,75.55
2022,9,UK,7 Series,SUV,Electric,168,7.24,6.25,3,393,5766646.2,28023336.6,105.41
2021,7,Germany,iX,SUV,Petrol,112,9.05,4,7,453,8491781.76,3924338.88,99.86
2023,4,UK,3 Series,Sedan,Diesel,394,8.2,6.5,7,1190,9452696.17,33933875.47,96.72
2022,6,China,i7,SUV,Diesel,290,7.24,6.25,8,847,8748022.8,26158315.8,105.41
2019,5,Japan,3 Series,SUV,Electric,52,4.04,5.15,10,117,4586665.86,25162615.24,72.96
2016,8,France,7 Series,Electric,Electric,93,8.26,6.25,4,518,4169273.88,9807388.35,59.68
2019,1,Germany,i4,SUV,Petrol,200,4.04,5.15,3,610,5314949.5,9243892.56,72.96
2022,1,UK,7 Series,Electric,Hybrid,60,7.24,6.25,3,260,9248547.6,31218819.6,105.41
2024,11,Japan,X1,Electric,Electric,395,6.8,6.5,5,1115,7708979.2,34828768,94.77
2023,6,Japan,i4,SUV,Electric,219,8.2,6.5,1,677,3272496.81,20790960.86,96.72
2023,10,UK,3 Series,Sedan,Electric,135,8.2,6.5,10,370,4318741.28,31562795.35,96.72
2015,12,Brazil,X5,Sedan,Electric,78,8,6.75,3,532,5231175.9,18417657.45,60.49
2023,2,China,3 Series,SUV,Diesel,274,8.2,6.5,6,691,3468600.56,24337837.78,96.72
2021,5,India,3 Series,Sedan,Electric,267,9.05,4,3,899,6156870.72,15939887.04,99.86
2023,1,China,i4,Electric,Diesel,197,8.2,6.5,5,605,5152780.85,34066648.03,96.72
2022,7,UK,X1,Electric,Electric,239,7.24,6.25,9,474,5610939.6,10944421.2,105.41
2015,1,France,3 Series,SUV,Hybrid,198,8,6.75,2,706,3581302.05,27286074.2,60.49
2022,4,India,iX,Sedan,Petrol,19,7.24,6.25,2,272,5347944,16030941.6,105.41
2022,9,Germany,X7,Sedan,Hybrid,123,7.24,6.25,6,531,7494824.4,25886359.8,105.41
2017,1,China,X3,Electric,Electric,85,6.8,6,6,586,7393920.16,7165674.56,63.09
2015,4,UK,X3,SUV,Electric,173,8,6.75,8,667,3410021.55,6914471.9,60.49
2022,6,China,3 Series,Sedan,Electric,94,7.24,6.25,2,559,5526759,33151908,105.41
2017,6,India,iX,SUV,Hybrid,58,6.8,6,9,502,4619091.84,18627055.04,63.09
2017,12,Australia,X5,Sedan,Electric,335,6.8,6,2,822,3657399.68,23536842.56,63.09
2015,8,Canada,i7,Electric,Hybrid,186,8,6.75,1,564,3169908.1,16620431.05,60.49
2019,1,China,i7,Electric,Diesel,396,4.04,5.15,10,1066,3473607.34,15157905,72.96
2024,7,Germany,i4,SUV,Petrol,398,6.8,6.5,2,871,2990707.2,37929299.2,94.77
2021,1,Germany,X3,Electric,Petrol,227,9.05,4,7,592,3673306.56,23113157.76,99.86
2024,7,USA,3 Series,Sedan,Hybrid,198,6.8,6.5,8,508,5178451.2,33610470.4,94.77
2023,3,China,i7,Electric,Diesel,355,8.2,6.5,5,1177,4173087.8,28757149.32,96.72
2021,11,Canada,3 Series,SUV,Hybrid,239,9.05,4,6,630,7928289.6,31627706.88,99.86
2023,8,Brazil,i4,SUV,Diesel,264,8.2,6.5,1,845,8236935.49,28755332.78,96.72
2022,3,Japan,X3,SUV,Electric,245,7.24,6.25,6,880,5989555.8,18850323.6,105.41
2016,1,Canada,7 Series,Sedan,Diesel,35,8.26,6.25,8,100,4036842.39,25244895.56,59.68
2015,8,Japan,X7,Sedan,Diesel,81,8,6.75,3,451,6213633.15,29873692.75,60.49
2021,3,Japan,X7,Sedan,Diesel,270,9.05,4,1,944,3426192,27805747.2,99.86
2021,2,Australia,i7,Sedan,Petrol,263,9.05,4,4,705,6690647.04,7113543.36,99.86
2022,1,USA,X7,Sedan,Diesel,280,7.24,6.25,1,947,7216187.4,34741750.2,105.41
2019,3,Canada,7 Series,Electric,Electric,132,4.04,5.15,8,658,5480929.44,17448667.6,72.96
2017,2,Canada,3 Series,Sedan,Electric,153,6.8,6,5,532,4126589.28,17876872.64,63.09
2022,2,Australia,i4,Sedan,Electric,266,7.24,6.25,1,904,5244820.8,12286044.6,105.41
2020,6,China,7 Series,Electric,Diesel,153,5.83,4,8,728,3895881.6,6254706.9,79.76
2017,12,China,i4,Sedan,Hybrid,268,6.8,6,9,709,4167745.12,19290562.72,63.09
2015,1,China,i4,SUV,Hybrid,56,8,6.75,10,368,7594333.6,29671941,60.49
2017,2,France,X3,Sedan,Electric,360,6.8,6,2,1007,2304596.8,29431244.48,63.09
2019,6,Japan,3 Series,Sedan,Petrol,22,4.04,5.15,9,193,5664303.12,23675063.16,72.96
2017,3,France,iX,SUV,Hybrid,385,6.8,6,8,874,3032573.28,5190650.08,63.09
2015,4,USA,X7,SUV,Diesel,217,8,6.75,7,622,3081060.35,10220442.15,60.49
2019,1,Australia,iX,SUV,Hybrid,320,4.04,5.15,3,1049,4048445.8,3546562.46,72.96
2024,8,Canada,X3,SUV,Electric,244,6.8,6.5,2,857,6728800,26832166.4,94.77
2021,7,Japan,i4,Sedan,Petrol,158,9.05,4,7,426,3020888.64,33002027.52,99.86
2021,7,France,i7,SUV,Hybrid,331,9.05,4,5,1055,8561414.4,7073330.88,99.86
2023,3,France,X7,SUV,Hybrid,164,8.2,6.5,6,742,3643070.97,25933585.6,96.72
2024,10,UK,X7,Electric,Electric,175,6.8,6.5,4,686,3040044.8,35311411.2,94.77
2024,10,France,3 Series,SUV,Petrol,99,6.8,6.5,2,299,4328646.4,11737356.8,94.77
2017,3,Brazil,X1,SUV,Petrol,195,6.8,6,9,716,7112992.48,14654409.44,63.09
2021,2,Canada,5 Series,Electric,Electric,327,9.05,4,3,906,3246640.32,19116155.52,99.86
2015,12,Brazil,5 Series,Electric,Diesel,367,8,6.75,7,1038,5480655.25,3264080.3,60.49
2018,1,Canada,5 Series,Sedan,Hybrid,183,6.53,6.5,8,421,3098750.9,31694661.6,75.55
2018,7,Australia,X1,Electric,Diesel,226,6.53,6.5,2,551,6768216.35,28544002.69,75.55
2019,7,Canada,3 Series,Sedan,Hybrid,273,4.04,5.15,6,941,7388607.24,21465565.24,72.96
2021,12,Brazil,X1,Electric,Hybrid,106,9.05,4,8,626,8710658.88,12999940.8,99.86
2021,2,Canada,5 Series,Electric,Diesel,126,9.05,4,7,632,3492128.64,12843230.4,99.86
2018,7,Australia,X3,Sedan,Electric,208,6.53,6.5,3,837,3005535.33,32419663.99,75.55
2021,8,Australia,7 Series,Electric,Electric,329,9.05,4,1,749,7869966.72,5831179.2,99.86
2017,1,USA,i4,Sedan,Hybrid,30,6.8,6,6,373,6304657.92,14399855.36,63.09
2020,9,Canada,X1,Electric,Electric,209,5.83,4,8,753,6208468.5,33079647.9,79.76
2016,7,UK,3 Series,SUV,Hybrid,380,8.26,6.25,6,1169,2385715.33,16213820.47,59.68
2024,3,China,3 Series,Electric,Electric,350,6.8,6.5,5,780,8484070.4,37062272,94.77
2023,8,Germany,iX,Sedan,Hybrid,257,8.2,6.5,8,756,5131808.07,33892177.62,96.72
2019,7,Australia,7 Series,Electric,Electric,285,4.04,5.15,2,848,3282839.56,26813330.46,72.96
2020,11,India,i7,Sedan,Petrol,273,5.83,4,1,911,8098092.6,5304374.4,79.76
2018,8,China,X7,Sedan,Diesel,67,6.53,6.5,1,530,3496233.58,21930279.35,75.55
2024,6,Japan,5 Series,SUV,Petrol,311,6.8,6.5,4,989,3523852.8,19226604.8,94.77
2021,9,Canada,i7,SUV,Diesel,40,9.05,4,6,203,4877167.68,25553035.2,99.86
2023,5,Brazil,iX,Sedan,Diesel,258,8.2,6.5,9,685,9444026.32,6528231.91,96.72
2021,3,Germany,5 Series,Electric,Hybrid,102,9.05,4,1,408,6488254.08,8890210.56,99.86
2015,3,India,7 Series,Sedan,Diesel,274,8,6.75,1,762,2568373.55,19649529.9,60.49
2015,1,China,iX,Sedan,Petrol,280,8,6.75,5,941,4082056.95,11304384.7,60.49
2023,12,Canada,5 Series,Electric,Petrol,103,8.2,6.5,10,425,4912502.15,35533999.5,96.72
2023,8,USA,7 Series,Electric,Electric,163,8.2,6.5,5,596,8219843.5,22634583.82,96.72
2018,2,Japan,X5,Electric,Petrol,294,6.53,6.5,5,769,7959501.76,15089227.65,75.55
2023,3,Germany,i7,Electric,Electric,89,8.2,6.5,10,543,5902351.31,18233437.68,96.72
2017,8,UK,i7,Sedan,Diesel,301,6.8,6,6,997,7057249.76,17992981.6,63.09
2021,8,USA,X7,Sedan,Petrol,93,9.05,4,8,357,5105580.48,32952279.36,99.86
2020,11,India,7 Series,SUV,Diesel,374,5.83,4,3,1043,3139617,34036871.7,79.76
2022,4,Germany,X1,Sedan,Petrol,383,7.24,6.25,9,849,8406034.2,34968354,105.41
2023,4,USA,X5,Electric,Petrol,46,8.2,6.5,1,122,6121161.81,10437756.27,96.72
2019,5,Japan,X3,SUV,Electric,351,4.04,5.15,4,916,2513430.64,11258467.92,72.96
2015,6,UK,5 Series,Electric,Diesel,336,8,6.75,9,882,4100852.9,15919014.95,60.49
2017,5,USA,X5,Sedan,Petrol,241,6.8,6,8,472,7097038.08,13689005.44,63.09
2024,7,France,7 Series,SUV,Hybrid,102,6.8,6.5,10,448,6522048,15841196.8,94.77
2022,2,UK,i4,Electric,Diesel,345,7.24,6.25,9,956,6649009.8,5763816.6,105.41
2020,7,India,5 Series,SUV,Diesel,111,5.83,4,1,628,8196126.9,5409596.4,79.76
2022,10,Japan,3 Series,SUV,Diesel,175,7.24,6.25,9,806,3160427.4,22671462.6,105.41
2023,7,Canada,i7,Sedan,Electric,168,8.2,6.5,3,465,3429379.81,35619624.59,96.72
2018,1,Brazil,7 Series,Electric,Hybrid,23,6.53,6.5,10,121,2886810.29,31029090.12,75.55
2015,7,Brazil,3 Series,SUV,Diesel,382,8,6.75,9,923,2882067.05,31947533.95,60.49
2015,5,Brazil,X7,SUV,Petrol,234,8,6.75,1,507,7214501.45,15342563.05,60.49
2024,3,Germany,iX,Electric,Petrol,82,6.8,6.5,1,288,4958220.8,38019488,94.77
2018,3,India,X3,SUV,Electric,258,6.53,6.5,9,519,7512778.28,25670938.79,75.55
2021,4,Japan,X3,SUV,Petrol,100,9.05,4,6,527,8331744.96,10278132.48,99.86
2016,12,UK,3 Series,SUV,Diesel,225,8.26,6.25,4,883,7483756.58,21580688.91,59.68
2017,2,Germany,i7,Electric,Petrol,99,6.8,6,7,361,2795796.96,21636771.2,63.09
2015,2,India,X7,Electric,Diesel,38,8,6.75,5,388,4855898.4,4404988.05,60.49
2019,1,Canada,i4,Electric,Petrol,314,4.04,5.15,10,844,7073618.58,27266694.42,72.96
2015,5,France,i7,Electric,Hybrid,229,8,6.75,7,687,6582816.4,7967750.75,60.49
2022,4,Japan,X5,Sedan,Electric,337,7.24,6.25,8,880,3229595.4,6075937.2,105.41
2015,11,Brazil,X3,SUV,Electric,224,8,6.75,8,887,5872804.2,29156110.85,60.49
2015,10,USA,X5,Electric,Hybrid,230,8,6.75,1,788,3921040.45,13600249.05,60.49
2016,2,Japan,5 Series,SUV,Hybrid,398,8.26,6.25,8,1026,2875530.43,8233059.46,59.68
2016,3,Australia,X1,SUV,Electric,51,8.26,6.25,6,347,5712023.47,18505066.66,59.68
2020,7,India,7 Series,Sedan,Hybrid,144,5.83,4,4,386,3211938.6,15760773.6,79.76
2021,7,China,X7,Electric,Diesel,51,9.05,4,8,187,5076234.24,4689484.8,99.86
2019,12,Canada,i7,Electric,Petrol,173,4.04,5.15,3,599,3707824.26,29797870.9,72.96
2015,4,France,X3,SUV,Electric,370,8,6.75,4,815,5424267.4,23007076.75,60.49
2015,5,Canada,X5,Electric,Hybrid,292,8,6.75,6,1044,3922131,28513712.75,60.49
2017,5,Japan,iX,SUV,Diesel,67,6.8,6,7,536,2356302.08,20839181.44,63.09
2016,6,China,5 Series,SUV,Electric,311,8.26,6.25,4,967,4669234.67,14198792.37,59.68
2019,9,Australia,7 Series,Sedan,Hybrid,331,4.04,5.15,4,744,5573602.16,27467532.26,72.96
2024,2,UK,7 Series,Sedan,Electric,34,6.8,6.5,7,341,4979187.2,11192313.6,94.77
2020,5,USA,i7,Sedan,Hybrid,82,5.83,4,6,511,4238149.5,16287254.1,79.76
2021,12,China,X7,SUV,Electric,382,9.05,4,8,790,3001595.52,4859057.28,99.86
2018,3,India,i4,Electric,Diesel,138,6.53,6.5,1,457,2664200.84,15285233.39,75.55
2021,4,Brazil,iX,Sedan,Diesel,96,9.05,4,10,245,3810945.6,16440473.28,99.86
2022,10,Australia,i7,Electric,Petrol,339,7.24,6.25,7,818,4220034,38006322.6,105.41
2015,6,USA,X5,Sedan,Electric,162,8,6.75,7,596,5998153.3,25386977.6,60.49
2020,12,France,X1,Sedan,Petrol,191,5.83,4,7,396,6213210.9,23754755.7,79.76
2022,8,Brazil,3 Series,SUV,Electric,134,7.24,6.25,7,523,4821874.2,14948383.8,105.41
2019,1,Japan,i4,Sedan,Hybrid,76,4.04,5.15,10,419,5919223.52,10843694.12,72.96
2018,10,China,X7,Sedan,Hybrid,15,6.53,6.5,10,173,6760419.89,25707595.83,75.55
2016,8,USA,5 Series,SUV,Petrol,134,8.26,6.25,8,393,7827769.38,11004579.77,59.68
2020,11,Germany,i4,Electric,Electric,323,5.83,4,9,654,8626573.8,19388635.5,79.76
2020,7,UK,X3,Sedan,Petrol,335,5.83,4,9,773,7796135.1,24741619.5,79.76
2015,1,UK,X7,SUV,Diesel,62,8,6.75,2,211,4929927.5,12671228.75,60.49
2023,2,Australia,X1,Sedan,Petrol,75,8.2,6.5,7,375,9375410.65,22039254.12,96.72
2020,3,France,X3,SUV,Petrol,323,5.83,4,7,975,4656666.3,35729834.4,79.76
2017,1,Australia,i4,Electric,Hybrid,91,6.8,6,4,396,6337478.4,13750022.88,63.09
2018,9,Germany,3 Series,Electric,Petrol,96,6.53,6.5,9,500,4431193.27,19809437.06,75.55
2018,8,India,3 Series,SUV,Electric,11,6.53,6.5,8,142,5096149.24,32689804.49,75.55
2017,2,France,X1,SUV,Hybrid,213,6.8,6,1,523,3442047.84,15577745.92,63.09
2024,9,Canada,7 Series,SUV,Petrol,159,6.8,6.5,2,697,4544966.4,30011404.8,94.77
2017,7,India,iX,Electric,Diesel,302,6.8,6,2,941,6305048.64,14793245.28,63.09
2017,9,France,5 Series,Sedan,Petrol,112,6.8,6,8,446,7755857.12,21922452.64,63.09
2018,6,France,7 Series,Electric,Petrol,33,6.53,6.5,1,477,5966890.72,12573569.89,75.55
2021,6,Germany,3 Series,SUV,Petrol,377,9.05,4,4,1008,6711788.16,29492897.28,99.86
2018,11,Japan,3 Series,SUV,Hybrid,221,6.53,6.5,10,781,5410743.24,12435148.53,75.55
2023,4,Germany,X5,Electric,Electric,74,8.2,6.5,5,532,9108957.26,29015675.99,96.72
2015,10,France,X3,SUV,Diesel,218,8,6.75,9,542,4077181.55,26983735.25,60.49
2022,10,USA,i4,Electric,Petrol,260,7.24,6.25,7,796,8357852.4,28864356.6,105.41
2021,2,India,5 Series,SUV,Electric,394,9.05,4,8,1237,8143248.96,35887938.24,99.86
2016,7,Germany,X1,Sedan,Electric,126,8.26,6.25,9,318,7592604.38,6818575.58,59.68
2022,5,Japan,i4,Sedan,Hybrid,125,7.24,6.25,7,592,6100460.4,39148537.8,105.41
2015,11,China,X5,SUV,Diesel,246,8,6.75,5,677,3061238,11097244.35,60.49
2023,6,Australia,3 Series,Electric,Hybrid,114,8.2,6.5,5,551,7646642.56,38033063.12,96.72
2023,2,France,X1,Sedan,Electric,268,8.2,6.5,10,924,8842834.15,29086025.63,96.72
2016,5,Canada,3 Series,Electric,Electric,55,8.26,6.25,6,536,8042239.86,21930345.67,59.68
2021,10,China,5 Series,SUV,Electric,320,9.05,4,5,1099,5240336.64,21751329.6,99.86
2024,4,UK,X3,Electric,Hybrid,340,6.8,6.5,9,894,9338534.4,40771411.2,94.77
2017,9,Brazil,i4,Sedan,Diesel,225,6.8,6,3,665,7332902.72,10442708.32,63.09
2021,6,Japan,i4,Electric,Petrol,310,9.05,4,3,830,2655502.08,24892116.48,99.86
2024,2,Canada,7 Series,Electric,Hybrid,342,6.8,6.5,7,705,7181990.4,29107520,94.77
2023,1,Brazil,X1,SUV,Electric,33,8.2,6.5,7,360,5076238.46,27360890.62,96.72
2018,5,Japan,iX,SUV,Hybrid,44,6.53,6.5,6,152,7252212.38,28120942.15,75.55
2015,9,USA,X5,SUV,Electric,33,8,6.75,3,162,5222964.7,26727969.2,60.49
2016,6,Australia,iX,Sedan,Petrol,37,8.26,6.25,7,411,6532010.23,6123629.41,59.68
2015,10,China,7 Series,Sedan,Petrol,25,8,6.75,5,359,7431520.9,10579553.85,60.49
2019,12,India,5 Series,SUV,Diesel,68,4.04,5.15,7,367,7659020.04,20962414.34,72.96
2019,7,Japan,X5,SUV,Electric,252,4.04,5.15,2,644,3294318.02,24889667.32,72.96
2021,5,India,X3,Sedan,Diesel,216,9.05,4,6,530,2994868.8,20383883.52,99.86
2023,10,Australia,iX,Sedan,Diesel,280,8.2,6.5,8,899,5873451.81,33026513.74,96.72
2023,6,France,X3,Sedan,Petrol,258,8.2,6.5,1,550,9702635.56,15665015.26,96.72
2017,5,UK,iX,Sedan,Hybrid,276,6.8,6,4,903,7289923.52,12673328.8,63.09
2017,11,China,X3,SUV,Hybrid,202,6.8,6,1,860,2871466.4,17944988.16,63.09
2017,9,Australia,iX,Sedan,Diesel,344,6.8,6,1,1012,3612206.4,13275167.84,63.09
2018,6,Australia,X3,SUV,Petrol,227,6.53,6.5,10,538,5343242.31,26706089.83,75.55
2022,11,USA,7 Series,Electric,Electric,124,7.24,6.25,8,516,3421536.6,37305289.2,105.41
2020,8,Brazil,X7,Electric,Hybrid,77,5.83,4,7,407,5338015.8,29724177.6,79.76
2022,2,UK,X5,Sedan,Diesel,308,7.24,6.25,10,925,6105176.4,28576759.2,105.41
2015,12,China,X1,Electric,Hybrid,334,8,6.75,1,1025,7536085.4,4732794.55,60.49
2022,9,France,5 Series,Electric,Hybrid,84,7.24,6.25,2,450,5095716.6,8484005.4,105.41
2018,5,France,i7,Electric,Electric,112,6.53,6.5,4,543,6303779.86,33937990.38,75.55
2015,7,Germany,3 Series,Sedan,Petrol,306,8,6.75,1,999,2968797.85,25569805.1,60.49
2022,10,Australia,X1,Sedan,Electric,187,7.24,6.25,3,811,5755092,37159643.4,105.41
2018,1,Japan,3 Series,Electric,Petrol,224,6.53,6.5,8,685,6538767.9,5029947.72,75.55
2020,10,USA,X5,SUV,Hybrid,324,5.83,4,8,847,6499977.9,35603642.1,79.76
2022,5,UK,X1,Electric,Diesel,48,7.24,6.25,8,209,6920808.6,13798151.4,105.41
2018,12,France,X3,Sedan,Electric,268,6.53,6.5,6,840,7318619.07,33095083.63,75.55
2017,10,China,X3,Sedan,Petrol,213,6.8,6,6,725,5968378.24,32202035.36,63.09
2023,2,Germany,i7,Sedan,Hybrid,16,8.2,6.5,5,344,8300266.68,15506563.43,96.72
2017,12,China,3 Series,Electric,Petrol,58,6.8,6,9,441,7679992.32,18984563.84,63.09
2023,6,USA,5 Series,SUV,Petrol,35,8.2,6.5,4,281,3424177.9,19138817.73,96.72
2016,11,Japan,X5,Sedan,Petrol,170,8.26,6.25,10,625,6893559.62,31958453.17,59.68
2016,1,Germany,X3,Sedan,Hybrid,366,8.26,6.25,7,1104,5160057.62,13287763.16,59.68
2016,3,Germany,X7,Electric,Diesel,185,8.26,6.25,1,540,5944500.87,5484383.75,59.68
2020,5,Brazil,7 Series,SUV,Diesel,88,5.83,4,9,457,4066608,24976294.2,79.76
2017,4,UK,7 Series,Electric,Diesel,11,6.8,6,7,420,5173067.68,31541002.24,63.09
2023,3,Germany,iX,Sedan,Petrol,392,8.2,6.5,10,897,4071361.56,35254912.9,96.72
2018,10,Brazil,5 Series,SUV,Hybrid,141,6.53,6.5,9,529,4792839.59,11276211.59,75.55
2015,5,Brazil,7 Series,SUV,Petrol,285,8,6.75,7,943,7072024.3,31794343.75,60.49
2018,11,USA,iX,Sedan,Diesel,126,6.53,6.5,2,634,5839343.37,22412839.19,75.55
2015,8,India,3 Series,SUV,Diesel,173,8,6.75,6,670,2876293.55,25486730.85,60.49
2019,11,China,X3,SUV,Hybrid,297,4.04,5.15,10,1001,6137173.42,11392265.92,72.96
2018,4,Japan,X3,Electric,Petrol,37,6.53,6.5,4,191,4912043.36,28134962.1,75.55
2022,1,Canada,X7,Sedan,Electric,342,7.24,6.25,3,937,5350537.8,22322085.6,105.41
2022,11,China,X1,Sedan,Electric,10,7.24,6.25,2,471,4818101.4,24195516.6,105.41
2021,7,Germany,7 Series,Sedan,Diesel,197,9.05,4,6,615,6938205.12,19426397.76,99.86
2017,8,Japan,3 Series,Sedan,Hybrid,65,6.8,6,8,245,4236902.56,13594516.32,63.09
2015,3,France,i4,Sedan,Petrol,44,8,6.75,6,265,6700659.95,12331297.9,60.49
2015,6,India,7 Series,SUV,Petrol,121,8,6.75,9,313,6637728.8,26114951.8,60.49
2017,2,France,5 Series,Electric,Diesel,295,6.8,6,5,674,3223830.72,4645725.92,63.09
2020,7,France,X1,Sedan,Diesel,319,5.83,4,2,807,8510681.4,30358621.8,79.76
2021,8,UK,7 Series,Electric,Petrol,45,9.05,4,8,201,4511041.92,18905261.76,99.86
2020,6,China,3 Series,Electric,Petrol,226,5.83,4,9,848,4643995.2,31117702.2,79.76
2020,6,Canada,7 Series,SUV,Diesel,89,5.83,4,10,447,5440199.7,26562923.4,79.76
2020,5,USA,5 Series,Sedan,Petrol,323,5.83,4,4,1051,6477303.3,22166348.1,79.76
2017,8,Canada,i4,SUV,Electric,92,6.8,6,6,436,6516297.92,26041683.36,63.09
2020,1,France,X5,Sedan,Diesel,74,5.83,4,10,197,6981183.3,18487060.8,79.76
2022,10,Germany,i7,SUV,Petrol,334,7.24,6.25,8,1021,6757320.6,24062525.4,105.41
2016,4,India,i4,Electric,Diesel,137,8.26,6.25,9,640,4184660.39,26805517.69,59.68
2019,4,Australia,iX,Sedan,Hybrid,316,4.04,5.15,5,1081,4442868.22,24327081.94,72.96
2015,3,Canada,7 Series,Electric,Diesel,31,8,6.75,6,100,5484440.1,23032672.6,60.49
2015,3,France,X3,Electric,Diesel,225,8,6.75,4,675,3439081.5,8265086,60.49
2019,4,India,X7,SUV,Hybrid,116,4.04,5.15,5,351,2540683.18,15194312.14,72.96
2017,11,Japan,X3,Sedan,Electric,118,6.8,6,7,355,5323625.12,13759660.64,63.09
2018,1,China,i4,Electric,Petrol,381,6.53,6.5,9,1195,6184644.48,27233992.24,75.55
2017,11,Brazil,X3,SUV,Hybrid,366,6.8,6,10,811,4294729.12,26602236.32,63.09
2015,11,UK,3 Series,Sedan,Diesel,190,8,6.75,6,473,7432611.45,6360857.4,60.49
2015,2,India,X3,Sedan,Petrol,365,8,6.75,6,1027,7267617.65,16568726.15,60.49
2019,9,Germany,X1,Electric,Hybrid,173,4.04,5.15,8,505,6680886.24,9679440.26,72.96
2020,10,Germany,X5,Sedan,Petrol,77,5.83,4,4,369,3129613.5,15479564.1,79.76
2017,2,India,7 Series,Electric,Petrol,301,6.8,6,3,782,7666772.96,4945082.56,63.09
2023,5,Germany,X3,Sedan,Hybrid,189,8.2,6.5,7,432,8068079.84,9013671.48,96.72
2019,9,China,5 Series,SUV,Petrol,190,4.04,5.15,5,773,3976828.66,35051273.32,72.96
2022,9,Germany,X5,Electric,Electric,178,7.24,6.25,2,554,8061766.2,19592700.6,105.41
2015,8,Canada,X5,Electric,Hybrid,31,8,6.75,2,398,7365895.45,7074590.3,60.49
2019,1,Brazil,X3,Sedan,Electric,75,4.04,5.15,6,424,4734336.6,25347326.9,72.96
2017,1,Germany,X5,Sedan,Diesel,30,6.8,6,8,67,7786593.76,29478586.72,63.09
2015,9,Brazil,X7,Electric,Petrol,109,8,6.75,1,540,6663645.4,20237400.5,60.49
2018,11,France,X3,Sedan,Diesel,393,6.53,6.5,6,887,5173293.16,30561781.25,75.55
2019,8,USA,3 Series,SUV,Diesel,309,4.04,5.15,2,687,5891618.88,14694259.72,72.96
2021,10,China,i4,Sedan,Petrol,112,9.05,4,2,514,5928605.76,12257340.48,99.86
2015,9,USA,X1,SUV,Hybrid,56,8,6.75,7,255,6522579.55,20329584.05,60.49
2017,7,France,i7,SUV,Petrol,48,6.8,6,10,302,3934876,12496528,63.09
2016,3,China,iX,SUV,Diesel,294,8.26,6.25,1,730,8050504.23,24170393.08,59.68
2023,3,India,X5,SUV,Diesel,319,8.2,6.5,6,847,8653831.42,26700248.05,96.72
2024,2,India,3 Series,SUV,Hybrid,99,6.8,6.5,7,498,6474124.8,37808326.4,94.77
2020,5,Brazil,7 Series,Sedan,Petrol,94,5.83,4,8,176,7796727.9,4710462.9,79.76
2024,12,France,7 Series,SUV,Diesel,282,6.8,6.5,7,736,7042547.2,23126771.2,94.77
2017,12,Brazil,iX,Sedan,Electric,345,6.8,6,6,836,4876446.08,5721443.2,63.09
2022,3,UK,X1,SUV,Diesel,197,7.24,6.25,9,609,8199709.2,19856718,105.41
2022,6,Germany,X5,Electric,Diesel,168,7.24,6.25,3,753,4452690,28098006.6,105.41
2016,2,Australia,X7,SUV,Hybrid,252,8.26,6.25,6,632,2969126.1,33294459.13,59.68
2020,12,UK,iX,Electric,Electric,82,5.83,4,4,531,5423823.6,14418896.7,79.76
2021,3,Germany,X1,SUV,Diesel,58,9.05,4,2,542,5503270.08,8995694.4,99.86
2016,5,China,X5,SUV,Diesel,110,8.26,6.25,1,529,5016472.59,20363810.82,59.68
2024,12,Brazil,3 Series,SUV,Electric,11,6.8,6.5,1,130,5383788.8,24344236.8,94.77
2016,11,China,i4,Electric,Petrol,253,8.26,6.25,10,533,7755607.32,28145420.67,59.68
2024,11,China,X7,Electric,Petrol,185,6.8,6.5,3,430,9166892.8,17137203.2,94.77
2015,1,Germany,i7,SUV,Diesel,247,8,6.75,4,647,2883093.45,15460599.05,60.49
2022,1,France,7 Series,Sedan,Diesel,68,7.24,6.25,2,520,6149664,27976412.4,105.41
2015,10,Germany,5 Series,SUV,Petrol,362,8,6.75,1,961,5180754,24423444.6,60.49
2023,9,Japan,3 Series,Electric,Hybrid,108,8.2,6.5,4,552,4627387.94,4593864.52,96.72
2020,7,India,7 Series,SUV,Electric,368,5.83,4,7,1150,5846045.4,23087929.8,79.76
2021,1,India,X3,Electric,Electric,11,9.05,4,10,361,3094956.48,28775060.16,99.86
2024,12,UK,5 Series,Electric,Hybrid,252,6.8,6.5,6,630,7993689.6,37116185.6,94.77
2021,8,India,7 Series,Electric,Hybrid,306,9.05,4,6,876,6782825.28,24675678.72,99.86
2024,3,Germany,X1,SUV,Hybrid,220,6.8,6.5,9,525,6598259.2,26453939.2,94.77
2017,8,Canada,X7,Electric,Hybrid,132,6.8,6,2,718,5884959.52,18083368.16,63.09
2016,5,Brazil,7 Series,Electric,Hybrid,238,8.26,6.25,4,680,3757130.42,3403442.26,59.68
2023,1,Germany,i7,SUV,Hybrid,91,8.2,6.5,5,466,5233204.03,8639546.81,96.72
2022,7,Germany,i4,Electric,Electric,153,7.24,6.25,1,497,9293035.2,5277439.8,105.41
2024,5,Australia,X1,SUV,Hybrid,397,6.8,6.5,8,893,3158438.4,8813708.8,94.77
2021,6,Brazil,3 Series,Electric,Petrol,149,9.05,4,8,347,3611065.92,28051013.76,99.86
2023,6,Japan,3 Series,Sedan,Hybrid,38,8.2,6.5,6,158,6667279.79,12671439.91,96.72
2018,8,India,3 Series,Sedan,Hybrid,279,6.53,6.5,5,701,5973798.11,12026449.89,75.55
2018,9,Brazil,3 Series,Electric,Electric,256,6.53,6.5,8,657,7237850.48,5408759.93,75.55
2015,2,India,i4,Sedan,Electric,21,8,6.75,3,306,5860487.4,12361063.5,60.49
2022,9,UK,7 Series,SUV,Hybrid,364,7.24,6.25,3,958,3909957,25198374,105.41
2017,12,Brazil,X5,Sedan,Electric,398,6.8,6,2,1096,2652337.6,26977327.52,63.09
2021,11,India,7 Series,Electric,Diesel,346,9.05,4,5,1086,3616240.32,26685933.12,99.86
2016,10,Japan,X3,Electric,Electric,115,8.26,6.25,3,647,7131412.22,33208254.36,59.68
2016,9,USA,X7,SUV,Electric,41,8.26,6.25,3,290,7935878.09,25011141.55,59.68
2021,10,China,5 Series,Electric,Electric,83,9.05,4,6,475,3993380.16,15395466.24,99.86
2020,10,China,X5,SUV,Electric,180,5.83,4,8,521,5953860.9,20464863.9,79.76
2017,7,Japan,X5,Sedan,Petrol,346,6.8,6,2,1019,7588628.96,26062196.16,63.09
2023,1,Australia,7 Series,Sedan,Petrol,78,8.2,6.5,4,421,9766875.02,20026280.09,96.72
2024,7,USA,X5,SUV,Petrol,310,6.8,6.5,7,630,6404652.8,22256665.6,94.77
2020,10,UK,iX,SUV,Hybrid,371,5.83,4,1,811,4285721.7,12480070.2,79.76
2024,5,Japan,iX,Electric,Hybrid,146,6.8,6.5,1,465,4159750.4,33282995.2,94.77
2024,6,China,X3,Sedan,Diesel,109,6.8,6.5,10,542,6659244.8,22433299.2,94.77
2020,10,China,5 Series,SUV,Petrol,155,5.83,4,7,395,4143894.3,32025130.8,79.76
2015,7,China,i7,Sedan,Hybrid,18,8,6.75,7,467,2814645.4,5718844.2,60.49
2018,5,France,i4,SUV,Electric,71,6.53,6.5,1,536,6563593.47,27018974.08,75.55
2024,7,Japan,7 Series,Sedan,Electric,194,6.8,6.5,1,571,3152198.4,16787264,94.77
2020,9,Germany,i4,Electric,Petrol,38,5.83,4,4,206,7315374.3,35989332.6,79.76
2020,3,UK,i7,Sedan,Diesel,390,5.83,4,5,1135,5736970.2,26957876.4,79.76
2019,8,China,7 Series,Sedan,Diesel,123,4.04,5.15,5,453,6085203.46,35007612.92,72.96
2015,2,India,7 Series,Sedan,Electric,152,8,6.75,4,517,2427500.15,22298155.1,60.49
2022,11,Japan,5 Series,Sedan,Diesel,399,7.24,6.25,8,1137,5011221.6,18670251,105.41
2019,7,France,i4,Sedan,Petrol,129,4.04,5.15,7,539,7505081.92,24358348.42,72.96
2019,2,Japan,iX,Electric,Electric,179,4.04,5.15,9,613,3190307.68,9014605.04,72.96
2021,4,UK,3 Series,SUV,Hybrid,166,9.05,4,7,730,4830006.72,30964644.48,99.86
2018,7,France,i4,Sedan,Hybrid,344,6.53,6.5,10,934,2719049.62,30035998.93,75.55
2020,3,UK,X7,Electric,Diesel,358,5.83,4,1,980,3853941,35168304.6,79.76
2018,2,Japan,X7,Sedan,Electric,269,6.53,6.5,7,725,6548889.62,7257273.24,75.55
2017,11,Germany,7 Series,Sedan,Electric,91,6.8,6,1,499,4340768.96,12648452.96,63.09
2021,10,UK,3 Series,SUV,Hybrid,251,9.05,4,7,662,6209427.84,6072675.84,99.86
2022,7,France,X1,Sedan,Electric,181,7.24,6.25,10,608,2859075,12291389.4,105.41
2018,1,France,i7,Electric,Electric,240,6.53,6.5,8,719,3904521.88,18937532.95,75.55
2016,8,UK,X3,Electric,Electric,217,8.26,6.25,9,450,2384573.1,4759470.84,59.68
2024,3,Canada,3 Series,SUV,Diesel,84,6.8,6.5,3,257,3222252.8,22583724.8,94.77
2017,12,Japan,X3,Sedan,Electric,279,6.8,6,4,699,2668226.88,15415206.4,63.09
2015,12,Canada,i4,Electric,Petrol,396,8,6.75,4,1078,7624869,13304902.45,60.49
2022,2,Australia,i4,Sedan,Diesel,123,7.24,6.25,9,246,4432882.8,15078231,105.41
2017,3,Japan,X3,Sedan,Electric,71,6.8,6,7,197,4535608,24849010.56,63.09
2024,5,UK,i7,Sedan,Electric,371,6.8,6.5,3,931,4683494.4,11906668.8,94.77
2021,11,USA,3 Series,SUV,Petrol,329,9.05,4,10,1013,2820713.28,14803145.28,99.86
2024,8,UK,X1,Sedan,Diesel,111,6.8,6.5,5,499,8134131.2,16060012.8,94.77
2019,10,Canada,7 Series,Electric,Hybrid,371,4.04,5.15,7,977,3666417.3,31519639.9,72.96
2024,7,Germany,5 Series,Sedan,Hybrid,219,6.8,6.5,8,790,4712281.6,39201760,94.77
2019,7,UK,i4,Electric,Diesel,264,4.04,5.15,1,880,2540260.66,9296707.56,72.96
2021,12,UK,X7,Sedan,Electric,29,9.05,4,2,346,6025293.12,12793777.92,99.86
2023,7,Germany,i7,Electric,Electric,67,8.2,6.5,7,353,9851178.99,17189174.89,96.72
2019,8,UK,5 Series,Electric,Hybrid,121,4.04,5.15,2,620,4529414.4,31273029.06,72.96
2015,1,China,X1,Sedan,Hybrid,322,8,6.75,7,675,6727795.4,14717613.75,60.49
2024,4,USA,X5,Sedan,Hybrid,205,6.8,6.5,9,667,5817676.8,32941542.4,94.77
2024,6,India,7 Series,Electric,Petrol,384,6.8,6.5,2,868,9711104,34029964.8,94.77
2015,9,USA,i4,SUV,Hybrid,362,8,6.75,7,836,4858336.1,17041896.55,60.49
2016,2,UK,7 Series,Sedan,Petrol,101,8.26,6.25,4,231,6928364.04,26570419.88,59.68
2020,1,China,5 Series,SUV,Diesel,61,5.83,4,2,567,5559352.5,36663420.3,79.76
2023,10,Japan,7 Series,Sedan,Electric,302,8.2,6.5,7,1016,3068218.63,30555606.49,96.72
2022,12,UK,X5,Sedan,Hybrid,17,7.24,6.25,5,386,6597684,4137268.2,105.41
2019,2,Canada,5 Series,Sedan,Electric,309,4.04,5.15,1,730,8058583.12,24940580.98,72.96
2015,7,China,i4,Sedan,Electric,107,8,6.75,5,552,7183260.4,18474494.35,60.49
2021,3,Germany,3 Series,SUV,Hybrid,245,9.05,4,3,875,3672197.76,20864585.28,99.86
2019,10,China,X7,Sedan,Hybrid,398,4.04,5.15,7,1083,6765601.5,28988533.84,72.96
2020,2,Germany,5 Series,Electric,Diesel,383,5.83,4,6,978,6091316.4,9815582.4,79.76
2021,11,Australia,iX,Electric,Petrol,78,9.05,4,8,248,3475792.32,25198293.12,99.86
2017,7,India,X5,SUV,Petrol,54,6.8,6,5,351,2720192.64,4026434.72,63.09
2024,2,Brazil,5 Series,Sedan,Electric,146,6.8,6.5,2,556,8499961.6,13625497.6,94.77
2017,3,China,5 Series,Electric,Hybrid,243,6.8,6,9,578,7082125.6,19339532.96,63.09
2019,11,France,iX,SUV,Diesel,41,4.04,5.15,8,147,4117034.88,27973359.12,72.96
2020,7,Canada,i4,Sedan,Diesel,298,5.83,4,6,886,6382751.7,29864004.3,79.76
2023,4,UK,5 Series,Electric,Diesel,135,8.2,6.5,10,319,5386206.24,33070440.98,96.72
2019,1,Canada,X7,Electric,Diesel,76,4.04,5.15,7,369,6795318.74,30891916.02,72.96
2015,5,USA,7 Series,SUV,Diesel,39,8,6.75,9,493,6993889.6,31432088.7,60.49
2018,12,Brazil,i4,Sedan,Petrol,123,6.53,6.5,7,581,5912178.72,10588413.36,75.55
2019,9,USA,X7,Sedan,Petrol,213,4.04,5.15,3,517,8416387.14,9770141.22,72.96
2024,8,Australia,i4,Electric,Petrol,38,6.8,6.5,6,207,2986963.2,5726656,94.77
2024,12,Brazil,X7,Electric,Hybrid,140,6.8,6.5,7,281,9867270.4,30550041.6,94.77
2019,9,Brazil,X5,Electric,Electric,194,4.04,5.15,2,775,2667580.02,27188598.64,72.96
2021,10,USA,X7,Sedan,Diesel,262,9.05,4,3,724,4794672.96,8811411.84,99.86
2018,9,Germany,X3,SUV,Hybrid,295,6.53,6.5,4,664,2778138.58,23881035.71,75.55
2015,7,USA,X7,SUV,Diesel,395,8,6.75,10,953,2333648.7,17153325.1,60.49
2019,4,Canada,3 Series,Sedan,Petrol,71,4.04,5.15,6,187,8321390.56,17754501.66,72.96
2021,5,Germany,3 Series,SUV,Hybrid,12,9.05,4,1,305,7849269.12,31020749.76,99.86
2024,1,Canada,i7,Electric,Petrol,77,6.8,6.5,9,525,6672723.2,17280556.8,94.77
2024,1,Australia,X3,SUV,Diesel,34,6.8,6.5,5,451,7841683.2,27234854.4,94.77
2020,3,UK,X3,SUV,Diesel,188,5.83,4,7,813,7971085.2,28281376.5,79.76
2019,8,Japan,7 Series,SUV,Electric,150,4.04,5.15,9,552,5229037.1,11018687.82,72.96
2018,2,Germany,X3,Electric,Diesel,240,6.53,6.5,9,911,6716718.68,23363323.41,75.55
2016,4,Australia,7 Series,Sedan,Petrol,309,8.26,6.25,1,865,5725259.9,19271704.56,59.68
2018,2,France,i7,Electric,Diesel,172,6.53,6.5,1,765,3932356.61,4746471.17,75.55
2024,5,Australia,i7,Sedan,Electric,320,6.8,6.5,3,638,7207449.6,4466259.2,94.77
2024,9,USA,X5,Sedan,Electric,139,6.8,6.5,6,313,8017152,33587756.8,94.77
2017,1,USA,3 Series,Sedan,Petrol,255,6.8,6,2,778,2578947.36,28068543.36,63.09
2024,5,Japan,X7,SUV,Hybrid,306,6.8,6.5,10,947,3962982.4,33718131.2,94.77
2015,9,Australia,X7,SUV,Diesel,181,8,6.75,1,588,4208689.05,10601429,60.49
2022,1,India,iX,Sedan,Electric,73,7.24,6.25,1,517,7919421.6,17556410.4,105.41
2019,9,UK,iX,Sedan,Diesel,40,4.04,5.15,5,192,5774017.48,10942282.12,72.96
2018,8,USA,X1,SUV,Diesel,56,6.53,6.5,4,400,6728344.98,19380221.42,75.55
2022,4,Japan,i4,Electric,Hybrid,139,7.24,6.25,1,469,8280824.4,35279217,105.41
2021,12,UK,X5,Sedan,Electric,361,9.05,4,4,884,6752148.48,10588744.32,99.86
2016,11,Australia,X1,Electric,Diesel,342,8.26,6.25,3,910,5964792.25,9800602.16,59.68
2015,10,Australia,X1,SUV,Electric,119,8,6.75,2,372,2716688.35,16607536.9,60.49
2018,5,Brazil,5 Series,Sedan,Petrol,78,6.53,6.5,9,305,7259872.06,21923166.79,75.55
2022,5,Japan,5 Series,Electric,Petrol,67,7.24,6.25,1,636,4909670.4,33879115.2,105.41
2016,11,USA,X1,Electric,Diesel,115,8.26,6.25,7,433,5215556.56,14502088.03,59.68
2017,12,India,X3,Electric,Electric,309,6.8,6,4,931,4711041.28,25178192.16,63.09
2015,6,Australia,i4,SUV,Diesel,339,8,6.75,5,751,7620442.65,28421785.8,60.49
2015,7,India,X5,SUV,Electric,265,8,6.75,10,904,3804030.85,18934514,60.49
2017,8,Australia,X1,Electric,Electric,321,6.8,6,5,652,5403332,15475507.52,63.09
2019,8,USA,X7,Electric,Hybrid,180,4.04,5.15,1,573,2567654.04,21779356.76,72.96
2017,11,UK,i4,SUV,Hybrid,392,6.8,6,6,1027,7582637.92,22129013.28,63.09
2015,2,China,5 Series,Electric,Hybrid,171,8,6.75,9,575,7491950.2,19673586.15,60.49
2015,9,UK,X7,Electric,Diesel,295,8,6.75,2,848,4848521.15,14217885.25,60.49
2022,7,Australia,5 Series,SUV,Hybrid,80,7.24,6.25,7,432,8354315.4,4820695.2,105.41
2024,4,Canada,5 Series,Electric,Hybrid,264,6.8,6.5,6,918,4091360,25360774.4,94.77
2016,4,China,i4,Electric,Petrol,383,8.26,6.25,5,1197,2767623.29,22261457.99,59.68
2017,11,China,5 Series,Electric,Electric,64,6.8,6,4,216,7712422.08,28828884.48,63.09
2016,8,India,i7,SUV,Electric,332,8.26,6.25,4,847,8030414.42,18163203.94,59.68
2017,4,Japan,3 Series,Electric,Hybrid,12,6.8,6,6,72,7499088.96,16248677.28,63.09
2021,6,India,i7,SUV,Electric,35,9.05,4,4,416,7505615.04,23051878.08,99.86
2015,5,India,3 Series,SUV,Petrol,322,8,6.75,5,827,5301676.75,23687259.2,60.49
2024,3,Canada,iX,Sedan,Petrol,135,6.8,6.5,6,355,4849145.6,32987052.8,94.77
2022,10,UK,iX,Sedan,Hybrid,62,7.24,6.25,5,254,7398067.8,33568645.2,105.41
2024,11,UK,5 Series,Electric,Petrol,207,6.8,6.5,7,626,5409996.8,10876736,94.77
2024,2,France,X5,SUV,Electric,308,6.8,6.5,9,862,7041216,37287494.4,94.77
2024,9,Australia,X5,Sedan,Diesel,197,6.8,6.5,10,409,5469068.8,23917836.8,94.77
2016,10,Canada,3 Series,Electric,Electric,195,8.26,6.25,7,561,2386252.85,22876649.63,59.68
2017,9,France,X7,Sedan,Diesel,314,6.8,6,7,889,6624462.24,21738163.04,63.09
2023,1,USA,i4,Sedan,Hybrid,307,8.2,6.5,4,784,6706005.12,35221472.05,96.72
2021,10,Australia,5 Series,SUV,Diesel,213,9.05,4,1,495,7897095.36,6717110.4,99.86
2018,3,Australia,i4,SUV,Petrol,20,6.53,6.5,8,417,6411904.45,20723332.63,75.55
2024,8,Brazil,i7,Sedan,Electric,368,6.8,6.5,4,869,5229619.2,14770995.2,94.77
2019,6,Brazil,X5,Sedan,Diesel,363,4.04,5.15,1,951,7666625.4,26988112.9,72.96
2016,5,Germany,X3,SUV,Electric,155,8.26,6.25,5,542,3975094.78,22506298.35,59.68
2022,5,Germany,i7,Electric,Hybrid,94,7.24,6.25,8,398,3223228.8,5933828.4,105.41
2018,6,India,i7,SUV,Hybrid,109,6.53,6.5,4,296,2939880.93,10222732.03,75.55
2023,7,USA,3 Series,Sedan,Petrol,113,8.2,6.5,8,517,8053217.24,36184403.39,96.72
2019,1,China,7 Series,Electric,Hybrid,55,4.04,5.15,8,418,2699339.44,17973437.44,72.96
2023,9,China,i7,Sedan,Diesel,53,8.2,6.5,3,306,8366240.11,35079203.94,96.72
2018,3,Brazil,5 Series,Electric,Hybrid,287,6.53,6.5,9,930,5060176.1,28977116.56,75.55
2024,4,Brazil,X1,Sedan,Petrol,190,6.8,6.5,3,805,3733433.6,36945043.2,94.77
2019,10,Brazil,X1,Electric,Electric,196,4.04,5.15,1,538,8277307.64,23294231.8,72.96
2023,1,Canada,5 Series,Electric,Electric,123,8.2,6.5,2,697,5899131.08,14348766.89,96.72
2022,11,Japan,7 Series,Sedan,Hybrid,264,7.24,6.25,6,902,5528724,10010496,105.41
2017,10,Germany,7 Series,Electric,Diesel,390,6.8,6,10,1118,2606948.96,22758072.48,63.09
2015,3,Canada,3 Series,SUV,Petrol,389,8,6.75,2,1242,6948984.6,24472904.25,60.49
2017,2,UK,X5,Sedan,Diesel,39,6.8,6,6,406,3300867.68,27811319.36,63.09
2018,2,China,i4,SUV,Petrol,273,6.53,6.5,1,878,2398163.74,12549633.39,75.55
2016,1,Australia,7 Series,Sedan,Hybrid,107,8.26,6.25,1,479,5391728.74,23791575.86,59.68
2015,8,Germany,X3,Electric,Petrol,322,8,6.75,5,721,2728491.95,7098454.1,60.49
2021,3,France,3 Series,Electric,Petrol,376,9.05,4,10,1161,8548034.88,31014318.72,99.86
2022,3,UK,iX,Electric,Hybrid,338,7.24,6.25,9,717,8264947.2,33175330.8,105.41
2021,6,Germany,X7,Sedan,Diesel,124,9.05,4,8,428,6997119.36,12564552,99.86
2019,8,Canada,iX,SUV,Hybrid,285,4.04,5.15,3,929,5175729.16,17549720.3,72.96
2015,9,USA,3 Series,SUV,Petrol,290,8,6.75,3,1044,3000423.8,25873619.5,60.49
2021,9,Australia,i7,Sedan,Hybrid,284,9.05,4,1,1016,6211941.12,30778661.76,99.86
2021,4,Germany,i4,Sedan,Petrol,270,9.05,4,3,602,6913811.52,11259937.92,99.86
2023,5,Japan,X7,SUV,Hybrid,340,8.2,6.5,1,1109,3958405.8,10529904.39,96.72
2017,2,Brazil,iX,SUV,Electric,216,6.8,6,8,711,3381811.84,25972981.76,63.09
2023,11,Brazil,X7,SUV,Electric,393,8.2,6.5,1,896,7582155.39,39164189.55,96.72
2015,9,Australia,X3,SUV,Hybrid,337,8,6.75,5,937,6186048.65,30958854.15,60.49
2015,8,Canada,X3,Sedan,Diesel,220,8,6.75,9,724,3826419.2,13919972.65,60.49
2018,3,Brazil,X3,Sedan,Petrol,224,6.53,6.5,7,480,4648194.74,10050047.28,75.55
2023,11,Germany,3 Series,Electric,Electric,49,8.2,6.5,4,157,5183496.89,30792499.82,96.72
2020,12,France,i4,SUV,Diesel,35,5.83,4,9,488,5006714.7,28399566,79.76
2017,9,China,3 Series,Electric,Petrol,36,6.8,6,9,149,3397570.88,26163262.4,63.09
2015,3,China,X1,Sedan,Electric,199,8,6.75,2,863,4977911.7,31023132.45,60.49
2018,9,UK,i7,Sedan,Electric,92,6.53,6.5,10,512,6442269.61,13465649.05,75.55
2023,2,India,i7,Electric,Hybrid,393,8.2,6.5,10,1153,4029250.86,7927958.55,96.72
2017,12,USA,X3,SUV,Petrol,179,6.8,6,6,639,6535703.68,9955350.24,63.09
2023,10,Australia,X1,SUV,Diesel,176,8.2,6.5,4,545,4339714.06,27040271.31,96.72
2021,9,UK,7 Series,SUV,Diesel,197,9.05,4,8,430,7102529.28,13642896.96,99.86
2018,8,India,7 Series,SUV,Diesel,178,6.53,6.5,7,807,5419018.43,30359825.58,75.55
2017,9,Canada,X3,Electric,Petrol,298,6.8,6,7,622,6544364.64,9604744.16,63.09
2024,5,Japan,iX,Electric,Diesel,238,6.8,6.5,10,805,2926809.6,16373760,94.77
2019,11,Japan,3 Series,Sedan,Diesel,106,4.04,5.15,9,667,3670149.56,31703999.46,72.96
2019,11,USA,X3,SUV,Diesel,376,4.04,5.15,5,1202,4057318.72,17005021.6,72.96
2017,2,Brazil,X5,SUV,Hybrid,25,6.8,6,6,151,2331165.76,28761550.4,63.09
2023,8,Germany,X7,SUV,Hybrid,288,8.2,6.5,1,711,3517564.57,39777189.23,96.72
2018,12,UK,i7,Electric,Petrol,144,6.53,6.5,6,561,4128225.57,11739006.72,75.55
2019,6,UK,7 Series,SUV,Petrol,35,4.04,5.15,2,192,2661523.9,23753158.94,72.96
2018,8,Australia,5 Series,Electric,Diesel,361,6.53,6.5,6,936,5489254.96,13595248.1,75.55
2019,11,Australia,7 Series,SUV,Hybrid,21,4.04,5.15,9,395,7593599.86,9683313.36,72.96
2021,5,Japan,i7,SUV,Electric,81,9.05,4,8,267,2815169.28,19576898.88,99.86
2023,10,Japan,X7,Sedan,Electric,142,8.2,6.5,9,716,9218610.22,29045070.91,96.72
2021,2,France,i7,SUV,Diesel,115,9.05,4,10,524,2641235.52,23970038.4,99.86
2019,6,France,5 Series,SUV,Diesel,229,4.04,5.15,8,717,2544204.18,8093088.92,72.96
2024,5,Brazil,X3,Sedan,Hybrid,382,6.8,6.5,3,935,5243430.4,7540665.6,94.77
2024,12,France,X1,Electric,Hybrid,186,6.8,6.5,8,622,3045536,21526003.2,94.77
2021,12,Germany,5 Series,Electric,Hybrid,291,9.05,4,6,681,8316443.52,3941192.64,99.86
2024,5,Germany,i7,SUV,Petrol,142,6.8,6.5,6,348,6583616,29712716.8,94.77
2019,1,UK,i7,Electric,Petrol,31,4.04,5.15,6,231,4525541.3,25087758.78,72.96
2017,2,China,X5,SUV,Diesel,278,6.8,6,3,896,4384529.6,15805796.16,63.09
2021,8,Germany,X5,Sedan,Petrol,170,9.05,4,10,735,7648428.48,26263923.84,99.86
2016,3,India,i4,Sedan,Hybrid,116,8.26,6.25,1,708,3372064.53,15926381.65,59.68
2023,10,Japan,X5,SUV,Hybrid,288,8.2,6.5,4,625,5019512.87,40529236.79,96.72
2024,3,Australia,3 Series,Sedan,Petrol,362,6.8,6.5,10,1022,8786752,19168281.6,94.77
2024,8,France,X1,Sedan,Electric,244,6.8,6.5,6,951,6228934.4,34736665.6,94.77
2015,8,UK,X7,SUV,Diesel,27,8,6.75,10,212,2302535.95,21018619.2,60.49
2020,2,USA,5 Series,SUV,Electric,251,5.83,4,2,982,4058679.3,18500176.5,79.76
2021,8,Australia,i7,Sedan,Diesel,126,9.05,4,7,659,2900546.88,34733233.92,99.86
2022,11,India,i4,Electric,Electric,295,7.24,6.25,7,1031,4390831.8,27458124,105.41
2024,1,France,i4,Electric,Petrol,291,6.8,6.5,4,666,7189728,31456422.4,94.77
2023,6,India,X7,SUV,Diesel,153,8.2,6.5,4,601,8584637.76,37306859.97,96.72
2016,8,Japan,X1,SUV,Diesel,214,8.26,6.25,1,510,6411941.7,24828855.08,59.68
2024,3,Japan,5 Series,Electric,Diesel,48,6.8,6.5,2,474,3038048,21829100.8,94.77
2016,8,Brazil,7 Series,Sedan,Hybrid,163,8.26,6.25,9,759,3332959.95,7088612.19,59.68
2019,12,UK,X5,Electric,Hybrid,185,4.04,5.15,10,750,6425120.8,16505110.02,72.96
2019,1,Australia,X3,Electric,Electric,250,4.04,5.15,8,930,2858066.12,5425368.06,72.96
2020,11,Canada,i4,Electric,Petrol,395,5.83,4,8,905,4904382.6,6197353.5,79.76
2017,11,Canada,X5,Electric,Hybrid,378,6.8,6,9,798,4032751.36,16956401.44,63.09
2022,9,Australia,X5,SUV,Diesel,143,7.24,6.25,7,311,9281638.2,10272312.6,105.41
2015,11,USA,3 Series,SUV,Hybrid,55,8,6.75,9,170,3573860.65,22149455.4,60.49
2020,9,UK,X1,Sedan,Petrol,59,5.83,4,10,282,6666184.2,24268491,79.76
2018,5,India,X3,Sedan,Hybrid,175,6.53,6.5,2,668,3764117.21,9844330.16,75.55
2015,10,USA,7 Series,Sedan,Diesel,115,8,6.75,6,284,4590638.15,16241432.85,60.49
2021,4,China,i7,Sedan,Electric,225,9.05,4,3,641,8166903.36,31594221.12,99.86
2023,11,Australia,3 Series,Electric,Diesel,155,8.2,6.5,6,550,9610735.15,7368216.52,96.72
2018,6,India,X5,SUV,Petrol,81,6.53,6.5,3,626,2501501.03,21631346.66,75.55
2018,12,Canada,X5,SUV,Electric,339,6.53,6.5,8,1033,4332506.5,28964054.07,75.55
2020,7,Germany,iX,Sedan,Hybrid,282,5.83,4,4,730,5097931.8,24569114.7,79.76
2017,5,Brazil,X3,Sedan,Hybrid,256,6.8,6,10,705,7581075.04,3525401.44,63.09
2020,11,Canada,X3,Electric,Hybrid,195,5.83,4,6,542,3392668.5,5927407.2,79.76
2021,10,UK,iX,Electric,Electric,79,9.05,4,9,380,7926219.84,31244801.28,99.86
2024,9,Japan,X3,Sedan,Diesel,159,6.8,6.5,2,605,8066822.4,13739648,94.77
2024,3,Germany,X5,SUV,Electric,255,6.8,6.5,2,646,8355859.2,18802617.6,94.77
2017,7,Brazil,i4,SUV,Electric,271,6.8,6,7,738,3405580.64,11150172,63.09
2021,10,Brazil,5 Series,SUV,Petrol,35,9.05,4,2,467,7901604.48,28020189.12,99.86
2017,10,China,X5,Sedan,Electric,149,6.8,6,2,406,6432032.64,25125510.08,63.09
2016,11,China,3 Series,SUV,Hybrid,108,8.26,6.25,4,346,3667297.39,23273205.01,59.68
2024,5,France,X1,Electric,Diesel,287,6.8,6.5,9,784,7503974.4,21635910.4,94.77
2018,7,Canada,iX,Electric,Diesel,60,6.53,6.5,8,182,2493636.18,4727253.58,75.55
2022,2,Canada,7 Series,Sedan,Diesel,160,7.24,6.25,2,431,7794997.8,26417460,105.41
2023,4,Canada,i7,Electric,Hybrid,113,8.2,6.5,8,309,4170693.27,9402989.03,96.72
2021,2,France,7 Series,Sedan,Hybrid,98,9.05,4,4,381,8212955.52,8024755.2,99.86
2015,12,USA,X5,SUV,Hybrid,150,8,6.75,2,553,5367109.75,27100424.1,60.49
2017,7,Brazil,3 Series,SUV,Hybrid,222,6.8,6,10,632,5171439.68,16264175.84,63.09
2023,2,Germany,X5,SUV,Hybrid,242,8.2,6.5,7,887,9578945.7,38632521.32,96.72
2015,11,UK,X1,Electric,Electric,192,8,6.75,6,759,6900807.95,18428242.2,60.49
2023,1,Brazil,i4,Sedan,Hybrid,260,8.2,6.5,10,615,3995232.02,25870171.84,96.72
2022,9,China,i7,SUV,Hybrid,18,7.24,6.25,5,111,7031556,28081264.8,105.41
2015,1,India,X1,Sedan,Hybrid,88,8,6.75,1,492,2644327.15,13918561.35,60.49
2020,8,Japan,iX,SUV,Hybrid,61,5.83,4,2,245,4332923.4,14531306.4,79.76
2019,2,France,iX,Electric,Diesel,395,4.04,5.15,8,1114,3946688.9,25699145.22,72.96
2020,12,Australia,X5,Electric,Hybrid,278,5.83,4,1,641,2958220.2,25745155.8,79.76
2024,8,India,3 Series,Sedan,Electric,235,6.8,6.5,3,737,4801139.2,40521977.6,94.77
2019,3,UK,X1,Electric,Electric,60,4.04,5.15,2,225,5476633.82,22228777.2,72.96
2020,6,Canada,X7,Electric,Electric,195,5.83,4,5,451,6471523.5,14880984.3,79.76
2019,3,China,3 Series,Sedan,Petrol,43,4.04,5.15,4,265,6193368.58,5659866.66,72.96
2019,7,China,i4,SUV,Diesel,300,4.04,5.15,7,609,7444379.88,12114070.92,72.96
2018,10,China,iX,Electric,Hybrid,239,6.53,6.5,5,703,3435913.6,5489665.3,75.55
2017,9,Canada,X5,Sedan,Petrol,140,6.8,6,8,327,2456065.92,29538562.24,63.09
2017,2,Australia,X3,Electric,Hybrid,129,6.8,6,4,591,3358498.88,18424466.72,63.09
2018,12,France,iX,Electric,Petrol,335,6.53,6.5,6,1069,8087459.45,16816348.71,75.55
2023,12,India,i7,Electric,Petrol,256,8.2,6.5,4,530,8976762.69,9510742.88,96.72
2016,5,Canada,5 Series,Electric,Electric,201,8.26,6.25,2,587,5312444.54,17520800.35,59.68
2023,6,UK,X3,Sedan,Electric,332,8.2,6.5,1,905,7994922.82,7256169.03,96.72
2015,4,France,X5,Sedan,Petrol,219,8,6.75,1,717,3541913.95,23205685.15,60.49
2015,4,UK,X7,Sedan,Electric,112,8,6.75,8,408,6858661.4,30942624.2,60.49
2019,4,France,X3,Electric,Petrol,338,4.04,5.15,4,976,7123053.42,3776342.92,72.96
2020,2,Australia,i7,Electric,Diesel,381,5.83,4,5,802,6365634.6,10072857.6,79.76
2020,4,Japan,3 Series,Electric,Electric,142,5.83,4,8,644,2627808.3,21109089.3,79.76
2017,11,UK,X7,Sedan,Electric,332,6.8,6,7,737,4361281.76,8564256.8,63.09
2021,1,Canada,iX,Electric,Electric,148,9.05,4,8,410,8108580.48,19081487.04,99.86
2023,12,France,X7,SUV,Diesel,130,8.2,6.5,8,511,4595103.07,8702052.3,96.72
2024,6,China,X1,Electric,Petrol,103,6.8,6.5,6,527,8627340.8,38260435.2,94.77
2022,1,Brazil,i7,SUV,Hybrid,138,7.24,6.25,10,521,4323628.8,21460315.2,105.41
2020,10,China,X3,Electric,Electric,100,5.83,4,2,355,7815623.4,7717070.4,79.76
2022,6,USA,X1,Sedan,Petrol,101,7.24,6.25,6,406,5752341,15284084.4,105.41
2019,1,Japan,X7,Electric,Diesel,72,4.04,5.15,1,250,7705145.14,3804440.5,72.96
2022,6,Japan,X1,SUV,Hybrid,38,7.24,6.25,1,407,8342525.4,38234341.2,105.41
2024,10,China,7 Series,SUV,Electric,219,6.8,6.5,3,914,5822336,32574796.8,94.77
2018,8,India,i7,Electric,Diesel,21,6.53,6.5,3,387,3932698.56,20793500.77,75.55
2024,11,Australia,i4,SUV,Diesel,342,6.8,6.5,5,798,7485504,14053312,94.77
2022,2,UK,3 Series,SUV,Hybrid,306,7.24,6.25,1,1027,4068807.6,11479923,105.41
2024,2,Canada,X7,Sedan,Petrol,139,6.8,6.5,10,314,3885024,36469305.6,94.77
2016,12,Japan,i7,Electric,Electric,302,8.26,6.25,6,953,3547363.24,17185992.58,59.68
2019,4,China,i4,Electric,Electric,182,4.04,5.15,7,797,5460578.06,31453726.78,72.96
2023,11,China,i4,Electric,Petrol,217,8.2,6.5,10,668,4092086.63,27540315.23,96.72
2018,3,Australia,X5,SUV,Petrol,33,6.53,6.5,3,459,4660026.21,22081010.91,75.55
2020,4,Australia,X1,Electric,Petrol,108,5.83,4,4,637,3245728.2,6184460.1,79.76
2015,12,Germany,i4,Electric,Hybrid,365,8,6.75,10,822,6982278.45,19762818.8,60.49
2023,7,Germany,7 Series,Sedan,Hybrid,148,8.2,6.5,10,309,6209676.85,7523365.55,96.72
2015,11,India,i7,Sedan,Electric,323,8,6.75,10,994,4436549.85,10269388.6,60.49
2019,1,India,5 Series,Sedan,Hybrid,183,4.04,5.15,10,496,3275656.72,27877587.92,72.96
2018,6,USA,5 Series,SUV,Diesel,38,6.53,6.5,10,354,5846797.88,26788431.39,75.55
2017,3,India,X7,Electric,Electric,152,6.8,6,3,381,4173280.32,24967268.48,63.09
2020,11,France,iX,Sedan,Hybrid,325,5.83,4,1,984,4852068,15543364.2,79.76
2016,10,Australia,X1,Sedan,Petrol,360,8.26,6.25,8,829,5851644.29,21067491.69,59.68
2017,7,Canada,iX,Sedan,Diesel,51,6.8,6,10,106,5389721.92,8046748.16,63.09
2019,10,France,i4,Electric,Petrol,308,4.04,5.15,10,720,5192559.54,7644795.2,72.96
2023,2,UK,i7,Electric,Electric,217,8.2,6.5,2,835,3654961.05,40505208.92,96.72
2016,2,China,X7,Electric,Petrol,339,8.26,6.25,1,1024,7121468.1,13361806.54,59.68
2024,4,India,X3,SUV,Hybrid,201,6.8,6.5,8,815,4192115.2,16719289.6,94.77
2022,1,China,i4,SUV,Hybrid,169,7.24,6.25,7,719,5692605,21014810.4,105.41
2016,3,Japan,X1,Sedan,Electric,73,8.26,6.25,7,377,5257886.26,19268076.3,59.68
2019,9,USA,5 Series,Electric,Petrol,252,4.04,5.15,4,663,6241606.28,19437610.08,72.96
2021,7,Japan,X5,Sedan,Electric,267,9.05,4,9,641,6110375.04,17058888,99.86
2022,7,USA,i7,Electric,Petrol,161,7.24,6.25,6,415,8681527.2,38323002,105.41
2015,11,Germany,3 Series,Electric,Diesel,224,8,6.75,2,651,2895923.45,9063625.2,60.49
2020,4,China,iX,Electric,Hybrid,331,5.83,4,1,877,3748052.1,31949252.4,79.76
2015,2,USA,X7,SUV,Electric,175,8,6.75,1,533,6571718.45,26394196.75,60.49
2016,4,Brazil,iX,SUV,Diesel,40,8.26,6.25,9,456,4328648.56,20145980.84,59.68
2015,6,France,i7,Electric,Diesel,380,8,6.75,4,814,4938523.6,4130618.5,60.49
2019,11,USA,iX,Sedan,Electric,241,4.04,5.15,5,557,5387482.1,18911079.74,72.96
2024,11,USA,i7,Electric,Electric,291,6.8,6.5,3,730,8128556.8,6431942.4,94.77
2023,3,France,iX,Electric,Diesel,38,8.2,6.5,4,550,5115789.49,22907890.52,96.72
2020,1,China,7 Series,Sedan,Petrol,204,5.83,4,8,842,4480382.4,20386466.1,79.76
2015,12,China,X3,Electric,Diesel,343,8,6.75,4,1071,3762333.35,19313191.45,60.49
2015,8,France,i4,Sedan,Electric,265,8,6.75,9,929,4943719.75,4779303.3,60.49
2016,12,Japan,i4,SUV,Diesel,290,8.26,6.25,9,977,4687040.02,4870334.34,59.68
2023,5,Brazil,X1,SUV,Petrol,313,8.2,6.5,6,989,3352011.72,35006129.49,96.72
2017,5,Canada,3 Series,Sedan,Hybrid,330,6.8,6,2,1096,3345474.88,14282769.6,63.09
2015,11,UK,3 Series,SUV,Hybrid,332,8,6.75,10,835,2487416.25,15318250.2,60.49
2019,4,Brazil,X1,SUV,Diesel,355,4.04,5.15,7,886,4393362.96,19597886,72.96
2021,6,China,X5,Sedan,Petrol,303,9.05,4,9,682,4141663.68,11377766.4,99.86
2020,3,Canada,i4,SUV,Hybrid,96,5.83,4,6,622,8816492.1,19456140.6,79.76
2015,9,Germany,X5,Electric,Diesel,158,8,6.75,3,482,5686191.85,25333604.8,60.49
2019,5,India,i7,Electric,Diesel,258,4.04,5.15,7,739,3496000.9,31968144.88,72.96
2019,3,USA,i7,Sedan,Petrol,330,4.04,5.15,5,1062,4655114.1,7942319.7,72.96
2020,11,France,5 Series,SUV,Electric,292,5.83,4,1,995,3606298.8,9340305,79.76
2017,1,France,iX,Electric,Diesel,371,6.8,6,3,759,3318515.2,4736698.56,63.09
2019,10,USA,3 Series,Electric,Electric,388,4.04,5.15,5,895,3264459.94,8748347.02,72.96
2021,12,India,5 Series,SUV,Electric,207,9.05,4,7,754,7362727.68,9136955.52,99.86
2019,6,UK,X3,SUV,Hybrid,53,4.04,5.15,3,203,6112174.32,24915018.52,72.96
2019,2,India,X1,Electric,Electric,365,4.04,5.15,6,1193,3577617.68,30312781.94,72.96
2019,3,Canada,X1,Electric,Petrol,37,4.04,5.15,5,226,3494662.92,19532324.98,72.96
2024,1,India,i7,Sedan,Hybrid,26,6.8,6.5,1,267,5252582.4,27228614.4,94.77
2024,9,Canada,i4,Sedan,Hybrid,136,6.8,6.5,10,475,3573523.2,17196441.6,94.77
2017,8,India,X5,Electric,Hybrid,388,6.8,6,6,1119,2699158.88,21054989.12,63.09
2015,12,UK,3 Series,Sedan,Diesel,177,8,6.75,8,713,3468269.75,25821208.95,60.49
2019,2,UK,5 Series,Electric,Diesel,253,4.04,5.15,1,744,3107634.6,14957419.26,72.96
2023,12,China,X5,Electric,Electric,396,8.2,6.5,2,963,8032987.59,18757426.9,96.72
2015,11,USA,5 Series,Sedan,Hybrid,85,8,6.75,4,304,5561933.3,4883611.2,60.49
2017,8,UK,iX,Sedan,Hybrid,240,6.8,6,2,766,4688184.16,5310926.72,63.09
2018,12,Canada,X3,SUV,Petrol,213,6.53,6.5,9,434,4573581.25,21096263.3,75.55
2015,9,UK,X3,SUV,Electric,257,8,6.75,10,905,2633614.1,13019114.2,60.49
2015,1,China,X5,SUV,Petrol,311,8,6.75,8,662,5357615.55,12189847.15,60.49
2022,5,France,X5,Electric,Electric,223,7.24,6.25,8,513,8753524.8,8014213.2,105.41
2016,8,Canada,X5,Sedan,Electric,224,8.26,6.25,4,800,4345177.3,9410228.26,59.68
2022,11,China,5 Series,Electric,Diesel,167,7.24,6.25,5,679,6611203.2,19829050.8,105.41
2021,2,Japan,iX,Sedan,Diesel,78,9.05,4,4,221,4679653.44,5477398.08,99.86
2024,4,Japan,7 Series,Electric,Petrol,94,6.8,6.5,9,256,8493638.4,23790457.6,94.77
2024,7,Germany,X5,SUV,Electric,276,6.8,6.5,2,853,6899110.4,37933542.4,94.77
2016,3,India,i4,SUV,Hybrid,78,8.26,6.25,8,317,6589995.2,15701160.77,59.68
2020,12,USA,3 Series,SUV,Diesel,108,5.83,4,2,461,8472223.5,16298813.7,79.76
2020,5,Australia,3 Series,Electric,Hybrid,356,5.83,4,1,964,4543219.2,27067840.8,79.76
2017,8,Brazil,5 Series,Sedan,Petrol,225,6.8,6,10,453,6641263.2,16038535.04,63.09
2016,12,China,X5,Sedan,Diesel,170,8.26,6.25,3,622,6222331.52,3886068.03,59.68
2015,10,France,i7,SUV,Diesel,103,8,6.75,9,275,4829019.55,14781892.05,60.49
2020,3,Brazil,X1,SUV,Electric,183,5.83,4,3,400,4931429.1,16922291.1,79.76
2019,4,France,7 Series,SUV,Petrol,174,4.04,5.15,9,769,6450260.74,32560447.5,72.96
2023,9,Brazil,i4,SUV,Electric,124,8.2,6.5,7,519,6623104.84,36112484.92,96.72
2015,7,China,iX,Sedan,Diesel,229,8,6.75,10,861,2863463.55,27509059.6,60.49
2021,1,Australia,i7,Electric,Petrol,40,9.05,4,1,505,5784831.36,22028381.76,99.86
2019,12,Brazil,X3,Electric,Diesel,20,4.04,5.15,10,429,4978201.06,29502177.32,72.96
2019,4,China,i7,Electric,Petrol,352,4.04,5.15,5,1007,3156506.08,10732923.46,72.96
2016,4,UK,5 Series,Electric,Diesel,386,8.26,6.25,9,931,4162420.5,6786996.28,59.68
2017,9,Australia,7 Series,SUV,Hybrid,139,6.8,6,3,426,3808738.56,11734168.16,63.09
2021,6,Canada,X7,SUV,Hybrid,114,9.05,4,9,288,2603092.8,19822978.56,99.86
2020,9,France,X7,SUV,Electric,36,5.83,4,5,298,3447354.3,14684989.8,79.76
2016,12,Japan,X5,Electric,Hybrid,236,8.26,6.25,9,868,7451371,7264784.37,59.68
2020,6,India,X5,SUV,Diesel,11,5.83,4,10,92,7683354.9,11991232.5,79.76
2016,6,Japan,5 Series,SUV,Diesel,368,8.26,6.25,6,1006,3953056.46,3945396.8,59.68
2016,5,Australia,iX,Sedan,Hybrid,110,8.26,6.25,9,548,4667958.06,14696670.27,59.68
2016,5,Canada,X5,Sedan,Electric,30,8.26,6.25,7,187,5245254.54,19895160.57,59.68
2017,2,France,X1,SUV,Hybrid,67,6.8,6,7,286,2956448,17906046.4,63.09
2016,8,Canada,7 Series,Sedan,Petrol,398,8.26,6.25,8,916,3046730.55,18468246.54,59.68
2018,8,Brazil,5 Series,Sedan,Petrol,189,6.53,6.5,7,708,4711797.44,31755939.04,75.55
2023,11,France,3 Series,SUV,Petrol,350,8.2,6.5,9,1021,5276140.43,16585175.34,96.72
2020,1,Brazil,X3,SUV,Hybrid,358,5.83,4,9,749,4685268.9,8051335.5,79.76
2015,8,China,5 Series,SUV,Hybrid,29,8,6.75,6,417,2603399.45,15441867.25,60.49
2022,5,Australia,5 Series,SUV,Hybrid,264,7.24,6.25,7,631,3135904.2,11275012.8,105.41
2021,2,China,X7,Electric,Petrol,326,9.05,4,2,928,7875215.04,16886728.32,99.86
2024,2,Germany,i4,Electric,Electric,47,6.8,6.5,9,123,3291974.4,18635052.8,94.77
2017,6,Canada,iX,SUV,Diesel,157,6.8,6,1,380,7150631.84,15052032.16,63.09
2015,11,Brazil,i4,Sedan,Hybrid,34,8,6.75,1,446,7200131.85,10938024.05,60.49
2019,9,UK,X1,SUV,Electric,395,4.04,5.15,3,1088,3403328.18,24432641.52,72.96
2018,1,China,3 Series,SUV,Diesel,130,6.53,6.5,6,496,7303504.88,24737620.46,75.55
2024,12,Germany,X7,Sedan,Diesel,35,6.8,6.5,5,171,2930969.6,30205344,94.77
2022,6,USA,3 Series,Electric,Diesel,178,7.24,6.25,2,511,9213020.4,8660619.6,105.41
2015,9,Japan,X1,SUV,Electric,332,8,6.75,9,908,4622135.8,11038033.9,60.49
2024,8,France,i4,SUV,Electric,234,6.8,6.5,10,778,7718380.8,36650265.6,94.77
2015,11,Germany,5 Series,Electric,Petrol,10,8,6.75,4,247,5198202.8,14839370.45,60.49
2018,6,Australia,X5,Electric,Electric,316,6.53,6.5,4,834,4697435.54,16840558.77,75.55
2022,3,China,X5,Sedan,Electric,270,7.24,6.25,5,573,8801706.6,6772176,105.41
2019,8,Australia,i7,Electric,Electric,22,4.04,5.15,8,155,6919539.62,4869965.52,72.96
2016,9,Japan,X3,Electric,Diesel,57,8.26,6.25,10,529,2540386.71,8479915.52,59.68
2020,1,UK,iX,Electric,Hybrid,322,5.83,4,4,744,5689768.5,14745974.1,79.76
2019,12,Canada,X1,Sedan,Petrol,380,4.04,5.15,5,1087,5038339.74,19803934.92,72.96
2016,9,Canada,X3,Electric,Hybrid,300,8.26,6.25,4,684,5228591.42,33421716.99,59.68
2017,6,Australia,iX,Electric,Hybrid,341,6.8,6,6,933,6963086.24,18999801.92,63.09
2023,6,Brazil,X3,Sedan,Electric,103,8.2,6.5,3,235,8313230.17,20263751.41,96.72
2021,12,UK,i4,Electric,Petrol,270,9.05,4,8,553,8461252.8,30123952.32,99.86
2021,4,Canada,iX,Electric,Hybrid,287,9.05,4,6,644,5346855.36,26242117.44,99.86
2020,1,UK,i4,Sedan,Hybrid,368,5.83,4,10,1073,3821781.6,19481556.9,79.76
2022,10,Germany,5 Series,SUV,Petrol,214,7.24,6.25,5,597,5848233,9073505.4,105.41
2018,8,UK,X7,Sedan,Electric,194,6.53,6.5,2,827,7439395.81,12875511.74,75.55
2022,2,India,i4,Electric,Hybrid,184,7.24,6.25,10,425,5234838.6,19843277.4,105.41
2018,12,Japan,X5,Electric,Diesel,396,6.53,6.5,10,869,7040476.94,11719378.79,75.55
2022,1,Canada,X3,Electric,Hybrid,389,7.24,6.25,7,1067,8045181.6,20670699.6,105.41
2023,2,UK,i7,Sedan,Diesel,318,8.2,6.5,2,816,7193168.12,20418405.02,96.72
2017,1,Australia,7 Series,Electric,Electric,78,6.8,6,1,457,6374857.28,26589798.4,63.09
2017,1,USA,iX,Electric,Hybrid,113,6.8,6,7,533,4534631.2,5195078.24,63.09
2016,9,India,X1,Sedan,Petrol,255,8.26,6.25,5,775,2853223.35,20588830.13,59.68
2024,1,India,i7,SUV,Petrol,170,6.8,6.5,1,683,7633932.8,17243616,94.77
2017,4,Brazil,X5,SUV,Hybrid,209,6.8,6,4,525,4810479.52,30649444.32,63.09
2017,10,UK,i4,Electric,Electric,225,6.8,6,4,482,6373554.88,16156923.2,63.09
2019,6,Brazil,X7,Sedan,Electric,221,4.04,5.15,10,861,7938657.86,28121874.9,72.96
2019,7,Brazil,5 Series,Electric,Petrol,25,4.04,5.15,7,193,4542864.62,32351933.88,72.96
2016,2,USA,7 Series,Sedan,Hybrid,381,8.26,6.25,9,805,7791352.4,31218288.13,59.68
2024,6,Germany,3 Series,Sedan,Electric,341,6.8,6.5,2,883,6973907.2,19273196.8,94.77
2020,7,UK,i7,SUV,Petrol,214,5.83,4,1,714,7467501.6,24305615.1,79.76
2019,10,China,X7,SUV,Diesel,374,4.04,5.15,2,824,7405860.14,7922320.42,72.96
2020,10,Canada,3 Series,Sedan,Hybrid,48,5.83,4,7,347,8161003.5,14474545.8,79.76
2015,2,Brazil,7 Series,Electric,Diesel,98,8,6.75,10,298,5097487.3,22552958.9,60.49
2019,2,Japan,X1,SUV,Diesel,265,4.04,5.15,6,596,6787220.44,15230437.6,72.96
2023,10,France,X1,Electric,Electric,263,8.2,6.5,4,713,5579585.18,14164388.08,96.72
2024,7,Japan,X3,SUV,Electric,225,6.8,6.5,1,686,6398912,39472492.8,94.77
2016,12,USA,7 Series,SUV,Electric,377,8.26,6.25,1,785,7292197.89,12661216.41,59.68
2015,1,USA,7 Series,Electric,Hybrid,312,8,6.75,5,922,3860931.9,19580504.5,60.49
2024,8,Australia,3 Series,SUV,Diesel,181,6.8,6.5,1,514,4810041.6,7102118.4,94.77
2023,11,Germany,X7,SUV,Hybrid,146,8.2,6.5,7,570,9397456.84,24808073.93,96.72
2024,3,Canada,iX,Electric,Electric,393,6.8,6.5,1,1129,9425062.4,30262502.4,94.77
2023,11,Brazil,3 Series,SUV,Diesel,187,8.2,6.5,1,599,4422201.49,18112307.49,96.72
2023,6,Japan,5 Series,SUV,Hybrid,86,8.2,6.5,2,256,5206864.2,14588715.31,96.72
2020,9,France,X1,SUV,Hybrid,197,5.83,4,10,377,6955470.6,22686233.7,79.76
2022,6,USA,X1,Electric,Petrol,24,7.24,6.25,3,185,8418374.4,20108002.2,105.41
2015,9,USA,X3,Sedan,Hybrid,301,8,6.75,1,678,7670864.55,16224689.7,60.49
2024,7,Germany,5 Series,Electric,Electric,328,6.8,6.5,9,967,3417856,28991123.2,94.77
2018,9,France,X1,Sedan,Hybrid,334,6.53,6.5,10,966,3341125.06,26837877.36,75.55
2015,2,France,3 Series,SUV,Diesel,223,8,6.75,8,538,6587884.25,29706774.45,60.49
2022,12,Germany,5 Series,Sedan,Hybrid,217,7.24,6.25,5,880,4875165,28977226.2,105.41
2015,8,USA,3 Series,Electric,Petrol,178,8,6.75,2,495,5644045.3,28841455.1,60.49
2017,8,Canada,iX,Electric,Diesel,339,6.8,6,5,879,4954394.72,17306095.84,63.09
2018,2,UK,iX,SUV,Diesel,289,6.53,6.5,6,971,2692377.52,10782982.91,75.55
2022,12,UK,X1,Sedan,Petrol,314,7.24,6.25,1,1012,4880588.4,20281158,105.41
2020,4,Germany,X1,SUV,Electric,155,5.83,4,4,707,6005064,15486751.8,79.76
2024,11,France,X7,SUV,Diesel,272,6.8,6.5,9,753,8466931.2,12747488,94.77
2021,7,Brazil,iX,Electric,Electric,13,9.05,4,2,290,8726477.76,10992421.44,99.86
2022,11,Germany,i7,Sedan,Diesel,99,7.24,6.25,5,457,4636692.6,35872725.6,105.41
2016,4,Canada,i7,Sedan,Diesel,69,8.26,6.25,1,595,2439064.19,9597218.03,59.68
2024,4,Germany,X3,Sedan,Electric,320,6.8,6.5,4,1086,5292352,35793804.8,94.77
2022,6,India,iX,Sedan,Diesel,25,7.24,6.25,4,244,9153991.8,37739554.2,105.41
2017,10,Japan,3 Series,SUV,Electric,236,6.8,6,6,889,4537431.36,30426017.6,63.09
2021,6,France,3 Series,SUV,Petrol,38,9.05,4,10,415,4395726.72,21869010.24,99.86
2017,10,Australia,X5,Electric,Electric,160,6.8,6,9,527,7517452.8,18073665.28,63.09
2021,3,Australia,5 Series,SUV,Petrol,254,9.05,4,3,694,5608680,28977822.72,99.86
2016,9,France,i4,SUV,Diesel,279,8.26,6.25,9,848,4104032.39,26867937.2,59.68
2024,12,Canada,i7,Electric,Electric,88,6.8,6.5,6,426,4938252.8,26425484.8,94.77
2020,10,India,X1,Electric,Diesel,298,5.83,4,7,782,3949530,20560304.7,79.76
2017,11,India,X3,Electric,Electric,162,6.8,6,10,515,6471886.08,12765148,63.09
2017,2,USA,i4,SUV,Petrol,286,6.8,6,2,804,6244487.04,18601658.24,63.09
2023,6,Japan,7 Series,SUV,Petrol,288,8.2,6.5,10,869,5823249.25,39775868.11,96.72
2021,12,UK,X3,Electric,Electric,66,9.05,4,6,201,4548445.44,29945952.96,99.86
2019,7,China,7 Series,Electric,Petrol,195,4.04,5.15,6,524,2919894.88,9963937.06,72.96
2024,12,Canada,iX,Electric,Diesel,102,6.8,6.5,2,476,4289958.4,26513094.4,94.77
2021,9,China,7 Series,SUV,Diesel,285,9.05,4,2,884,6690794.88,19810190.4,99.86
2023,3,China,7 Series,SUV,Hybrid,167,8.2,6.5,2,430,9018212.83,19673293.34,96.72
2015,10,France,X7,Sedan,Petrol,284,8,6.75,10,849,4338721.1,31496174.55,60.49
2021,3,Australia,X7,SUV,Diesel,190,9.05,4,1,469,2591635.2,25377696.96,99.86
2020,7,Australia,X7,SUV,Electric,368,5.83,4,5,994,3280332.9,7086998.1,79.76
2024,4,UK,iX,SUV,Petrol,86,6.8,6.5,8,468,8165497.6,16977958.4,94.77
2023,8,France,i4,Electric,Diesel,160,8.2,6.5,2,786,4794427.05,6577608.77,96.72
2015,7,China,X3,SUV,Petrol,247,8,6.75,5,762,2430964.25,12476597.65,60.49
2018,5,Brazil,X3,Electric,Electric,298,6.53,6.5,8,640,7923597.01,22336242.39,75.55
2023,7,Australia,X1,Sedan,Diesel,240,8.2,6.5,10,640,3909854.64,31355462.08,96.72
2018,3,Canada,X7,Sedan,Hybrid,27,6.53,6.5,5,224,5795163.43,10506003.41,75.55
2024,12,Canada,iX,Electric,Hybrid,82,6.8,6.5,2,641,5575731.2,32302067.2,94.77
2017,2,USA,X1,Electric,Petrol,198,6.8,6,3,668,6271316.48,5410495.2,63.09
2023,6,Germany,5 Series,Electric,Electric,26,8.2,6.5,6,396,3877652.34,12143074.48,96.72
2016,2,Brazil,X1,SUV,Diesel,28,8.26,6.25,5,438,4589211.38,15569669.94,59.68
2018,3,Australia,i4,Sedan,Electric,228,6.53,6.5,4,951,2667962.29,30730772.94,75.55
2020,6,India,i7,Electric,Diesel,335,5.83,4,4,1066,4059346.2,11539074.3,79.76
2016,5,Australia,7 Series,SUV,Petrol,129,8.26,6.25,5,390,6899808.29,12303429.66,59.68
2022,8,USA,X7,Sedan,Diesel,110,7.24,6.25,2,303,5873385,30047050.8,105.41
2022,9,Canada,i7,SUV,Electric,43,7.24,6.25,9,247,3473805.6,27912903.6,105.41
2015,11,China,X1,Sedan,Electric,93,8,6.75,2,576,5033144.85,24205655.35,60.49
2017,3,India,iX,SUV,Petrol,205,6.8,6,10,693,7414758.56,5436022.24,63.09
2024,12,France,7 Series,Sedan,Electric,339,6.8,6.5,2,1095,5638380.8,13658195.2,94.77
2023,10,Japan,X3,Sedan,Diesel,211,8.2,6.5,10,482,4929429,30125912.21,96.72
2019,3,China,3 Series,SUV,Petrol,353,4.04,5.15,9,980,8123369.52,14773270.96,72.96
2020,3,Japan,7 Series,Electric,Diesel,350,5.83,4,3,1075,8256740.7,28919822.1,79.76
2018,6,Brazil,i4,Sedan,Electric,20,6.53,6.5,10,476,2753996.91,23810799.18,75.55
2024,1,Germany,i4,Electric,Petrol,356,6.8,6.5,7,1122,6562816,15735865.6,94.77
2016,7,India,X1,SUV,Diesel,227,8.26,6.25,4,641,2910670.8,12744666.39,59.68
2022,12,UK,5 Series,Electric,Electric,262,7.24,6.25,6,820,6648695.4,27314679,105.41
2020,1,India,i4,Electric,Electric,231,5.83,4,4,789,8245551.6,21594370.2,79.76
2019,5,Australia,i4,Electric,Hybrid,392,4.04,5.15,10,985,4992566.74,27827519.3,72.96
2023,10,Canada,iX,Electric,Electric,378,8.2,6.5,7,928,7725662.05,38314213.97,96.72
2015,8,Australia,X1,Electric,Diesel,89,8,6.75,1,301,4229409.5,20528064.15,60.49
2019,4,Australia,7 Series,Sedan,Petrol,16,4.04,5.15,3,70,6495047.86,13569370.64,72.96
2020,5,Brazil,5 Series,Sedan,Hybrid,281,5.83,4,3,654,8730536.1,4310915.7,79.76
2019,4,China,i7,Sedan,Electric,236,4.04,5.15,1,584,3477339.6,33331687.34,72.96
2020,12,UK,3 Series,SUV,Electric,25,5.83,4,6,396,8291493.6,22366492.2,79.76
2020,12,UK,X7,Electric,Electric,21,5.83,4,9,238,7849709.4,29693500.2,79.76
2021,4,Australia,X3,Sedan,Diesel,300,9.05,4,8,629,6714153.6,10344438.72,99.86
2018,12,Japan,i4,SUV,Hybrid,250,6.53,6.5,7,662,2771778.31,21072395.19,75.55
2022,8,Brazil,X1,Sedan,Diesel,30,7.24,6.25,10,80,9273778.2,4859523.6,105.41
2021,2,Australia,X7,Sedan,Hybrid,187,9.05,4,8,401,6222437.76,14411591.04,99.86
2023,1,Germany,X3,Electric,Petrol,237,8.2,6.5,6,588,3462738.09,32579810.04,96.72
2021,3,Canada,X3,SUV,Diesel,282,9.05,4,9,935,5535573.12,13013172.48,99.86
2017,9,China,i7,Electric,Diesel,297,6.8,6,3,796,5515598.88,15570387.36,63.09
2017,4,France,i7,Electric,Petrol,306,6.8,6,10,964,7254107.52,25212119.68,63.09
2022,10,Germany,i7,Sedan,Hybrid,143,7.24,6.25,10,312,4737929.4,4361907,105.41
2019,5,Japan,X5,Electric,Electric,292,4.04,5.15,9,977,5148124.52,5526632.02,72.96
2018,2,India,X5,SUV,Petrol,162,6.53,6.5,4,747,7846863.43,13154064.21,75.55
2022,4,India,X3,Electric,Electric,75,7.24,6.25,7,581,5937758.4,33801222.6,105.41
2020,2,Germany,i7,Electric,Electric,146,5.83,4,9,389,3260177.7,21249953.4,79.76
2016,2,Australia,iX,Electric,Petrol,101,8.26,6.25,2,330,5097033.4,12619289.85,59.68
2018,4,France,i4,Sedan,Hybrid,326,6.53,6.5,2,1118,2614207.75,34059314.24,75.55
2018,6,USA,X7,SUV,Electric,268,6.53,6.5,9,733,6460803.3,10496155.25,75.55
2020,7,USA,X7,Sedan,Petrol,112,5.83,4,3,479,7310409.6,17031514.5,79.76
2020,10,Japan,X5,Sedan,Diesel,64,5.83,4,9,194,6437808,27356682.6,79.76
2015,3,Australia,X3,Sedan,Diesel,266,8,6.75,5,637,6163403.7,6381385.4,60.49
2022,3,UK,X1,Sedan,Diesel,110,7.24,6.25,6,277,8747394,21471712.2,105.41
2020,10,UK,7 Series,Sedan,Petrol,207,5.83,4,2,502,6790005.3,25245573.6,79.76
2017,6,China,7 Series,SUV,Diesel,310,6.8,6,8,1066,4014973.6,16039967.68,63.09
2023,12,France,X5,Electric,Electric,235,8.2,6.5,9,810,6490084.57,40375739.16,96.72
2016,3,France,X1,Sedan,Diesel,246,8.26,6.25,2,968,2560879.66,32717901.74,59.68
2022,2,India,X5,Sedan,Diesel,35,7.24,6.25,6,270,4834057.2,16507572,105.41
2024,8,Brazil,7 Series,SUV,Electric,130,6.8,6.5,6,451,7052697.6,21414265.6,94.77
2017,5,Japan,X1,SUV,Diesel,191,6.8,6,8,512,5413295.36,7755336.16,63.09
2019,1,USA,i7,Electric,Electric,208,4.04,5.15,10,685,3875071.76,8388641.66,72.96
2020,3,Japan,X3,SUV,Diesel,311,5.83,4,5,1051,6710866.5,4930243.5,79.76
2024,10,UK,X7,Electric,Electric,264,6.8,6.5,9,912,9827833.6,31502348.8,94.77
2020,8,UK,iX,Sedan,Diesel,131,5.83,4,1,376,5211675.3,7155244.2,79.76
2018,4,Germany,5 Series,Sedan,Electric,40,6.53,6.5,9,420,2610719.86,29488810.54,75.55
2017,7,China,X3,Electric,Petrol,324,6.8,6,10,951,4584317.76,19947753.76,63.09
2018,10,France,i7,SUV,Electric,294,6.53,6.5,7,869,4850834.31,27439709.36,75.55
2015,12,Canada,7 Series,Electric,Diesel,115,8,6.75,4,367,2522442.15,19816961.4,60.49
2018,2,Japan,i7,SUV,Diesel,233,6.53,6.5,3,591,6183892.19,16386722.73,75.55
2015,7,UK,X5,Sedan,Hybrid,282,8,6.75,10,662,6904785.25,17966041.45,60.49
2015,5,Brazil,X1,SUV,Electric,241,8,6.75,6,916,3769454,5854906.35,60.49
2024,5,India,X7,Electric,Petrol,265,6.8,6.5,1,695,3857152,10872076.8,94.77
2020,6,USA,i4,Electric,Electric,33,5.83,4,3,530,3357693.3,26276304.6,79.76
2019,9,China,X5,Sedan,Electric,118,4.04,5.15,2,716,2873206.42,31431474.06,72.96
2018,6,Brazil,X3,SUV,Petrol,200,6.53,6.5,9,533,3360000.7,22930551.49,75.55
2017,12,China,X5,SUV,Electric,356,6.8,6,3,967,3208527.52,31827009.28,63.09
2015,8,Germany,X3,SUV,Petrol,34,8,6.75,2,388,3276461.25,8153144.25,60.49
2020,7,Canada,i4,Sedan,Petrol,196,5.83,4,4,545,4000214.4,21798145.2,79.76
2016,9,UK,3 Series,SUV,Electric,297,8.26,6.25,2,892,6446342.98,16797701.57,59.68
2022,4,India,X7,Electric,Electric,125,7.24,6.25,1,669,3761874.6,11076705,105.41
2024,2,Brazil,iX,SUV,Diesel,347,6.8,6.5,6,926,9751289.6,9682899.2,94.77
2019,7,China,iX,Sedan,Diesel,375,4.04,5.15,10,749,7490997.92,10525536.56,72.96
2021,6,France,5 Series,SUV,Hybrid,46,9.05,4,8,136,7114578.24,21609033.6,99.86
2024,1,Germany,i7,SUV,Hybrid,291,6.8,6.5,10,727,8661203.2,31274297.6,94.77
2016,11,France,3 Series,Electric,Electric,146,8.26,6.25,10,600,3761094.63,32378054.72,59.68
2022,9,India,iX,SUV,Petrol,236,7.24,6.25,2,674,6729496.2,5009256.6,105.41
2016,9,Brazil,X5,Electric,Hybrid,329,8.26,6.25,9,935,6213260.87,29347987.29,59.68
2018,12,Germany,i7,Electric,Electric,337,6.53,6.5,3,719,7379417.78,34039617.92,75.55
2015,2,Brazil,3 Series,Sedan,Hybrid,191,8,6.75,8,780,3247914.5,6480689.6,60.49
2019,3,UK,X1,Electric,Petrol,371,4.04,5.15,8,913,3877043.52,11739859.04,72.96
2023,5,Australia,X1,Electric,Electric,95,8.2,6.5,3,465,3499481.74,12478060.97,96.72
2015,5,Germany,i7,Sedan,Petrol,62,8,6.75,3,527,5820906.85,20269860.4,60.49
2023,1,France,X3,Electric,Electric,357,8.2,6.5,6,900,9634680.45,6798153.24,96.72
2022,8,India,X3,Sedan,Hybrid,364,7.24,6.25,1,823,6574025.4,4909906.2,105.41
2020,12,Canada,X5,SUV,Diesel,244,5.83,4,4,560,7027495.8,6744952.5,79.76
2021,8,UK,3 Series,Sedan,Hybrid,276,9.05,4,1,636,5990550.72,14353711.68,99.86
2017,4,Australia,3 Series,Electric,Hybrid,296,6.8,6,3,907,2343799.04,8334969.28,63.09
2015,7,Canada,i7,Sedan,Diesel,109,8,6.75,9,224,6889325.1,9250558.3,60.49
2019,11,USA,7 Series,Electric,Diesel,96,4.04,5.15,5,186,7229105.94,6582932.02,72.96
2016,10,UK,X1,SUV,Electric,24,8.26,6.25,5,406,4176530.4,29953100.43,59.68
2019,3,India,3 Series,Sedan,Electric,110,4.04,5.15,4,455,5644585.52,8810809.56,72.96
2022,6,China,i7,SUV,Petrol,174,7.24,6.25,3,711,6789075,34281704.4,105.41
2023,10,Germany,i4,Electric,Petrol,38,8.2,6.5,5,253,4506010.04,40860094.78,96.72
2016,10,Brazil,5 Series,Electric,Hybrid,123,8.26,6.25,4,387,2629547.84,11671843.66,59.68
2017,12,India,i4,SUV,Diesel,116,6.8,6,8,455,6308044.16,29410406.08,63.09
2017,9,Germany,X7,Sedan,Petrol,373,6.8,6,4,880,7636166.56,17888398.88,63.09
2015,1,Canada,X5,Sedan,Hybrid,139,8,6.75,8,380,4308763.05,13483367.75,60.49
2022,5,Brazil,3 Series,Electric,Diesel,93,7.24,6.25,6,372,3967649.4,10560931.8,105.41
2020,4,Japan,X7,SUV,Electric,280,5.83,4,5,610,4918461.6,32289149.1,79.76
2022,8,France,iX,SUV,Hybrid,253,7.24,6.25,4,794,3130087.8,29489776.8,105.41
2023,11,USA,X7,Sedan,Electric,397,8.2,6.5,4,1130,8707501.92,21552999.39,96.72
2019,12,UK,i7,Sedan,Petrol,223,4.04,5.15,4,861,3843875.7,22813122.36,72.96
2017,1,India,3 Series,Sedan,Petrol,315,6.8,6,9,1036,3403952.64,26795838.08,63.09
2019,9,USA,5 Series,SUV,Diesel,175,4.04,5.15,4,606,4339209.98,22687070.56,72.96
2019,6,China,i7,Sedan,Hybrid,288,4.04,5.15,9,791,7751058.98,17207831.2,72.96
2019,4,Germany,i7,Sedan,Electric,68,4.04,5.15,10,547,5274105.9,29673579.6,72.96
2017,12,Germany,X5,Electric,Diesel,99,6.8,6,6,349,2521446.4,7022280.32,63.09
2024,9,India,X5,Sedan,Petrol,380,6.8,6.5,10,1149,4515014.4,26588972.8,94.77
2018,11,Australia,X1,Sedan,Petrol,340,6.53,6.5,7,898,3467099.44,20865447.05,75.55
2023,5,Australia,X1,SUV,Hybrid,203,8.2,6.5,10,522,5364407.76,31603254.65,96.72
2024,5,Japan,X3,SUV,Electric,132,6.8,6.5,3,411,7351884.8,25889843.2,94.77
2023,12,France,7 Series,Electric,Hybrid,145,8.2,6.5,8,334,4817546.65,35754048.55,96.72
2016,5,Brazil,3 Series,Sedan,Electric,148,8.26,6.25,3,463,5816436.73,20137985.23,59.68
2022,1,China,3 Series,Electric,Electric,238,7.24,6.25,1,579,7593310.2,14500049.4,105.41
2022,1,USA,X7,SUV,Hybrid,283,7.24,6.25,10,881,4274661,32311438.2,105.41
2021,8,Australia,3 Series,Electric,Diesel,59,9.05,4,5,496,8771199.36,6130924.8,99.86
2022,12,Japan,3 Series,SUV,Hybrid,127,7.24,6.25,2,450,8009340,4375347.6,105.41
2017,8,Japan,7 Series,Electric,Hybrid,211,6.8,6,10,821,6723249.28,22744201.92,63.09
2020,12,India,iX,Electric,Petrol,200,5.83,4,6,827,7441492.5,31921613.1,79.76
2015,6,China,X1,Sedan,Petrol,373,8,6.75,10,1156,7282179.7,13225420.6,60.49
2021,12,Canada,X1,Electric,Hybrid,332,9.05,4,9,738,8711028.48,32665026.24,99.86
2015,11,Brazil,5 Series,Sedan,Hybrid,190,8,6.75,1,600,4357003.85,27940275.9,60.49
2023,4,France,3 Series,Sedan,Petrol,87,8.2,6.5,4,566,7612623.72,21197122.69,96.72
2015,2,UK,7 Series,Sedan,Electric,84,8,6.75,1,268,7338824.15,26515376.1,60.49
2015,2,India,X1,Sedan,Hybrid,304,8,6.75,1,973,2277004.25,26469059.8,60.49
2021,9,Brazil,7 Series,Electric,Diesel,290,9.05,4,8,602,5895489.6,32624665.92,99.86
2016,5,UK,i4,SUV,Diesel,30,8.26,6.25,2,336,6899337.96,5140370.95,59.68
2019,4,UK,iX,SUV,Diesel,180,4.04,5.15,1,636,4811376.08,6106329.46,72.96
2022,10,China,3 Series,SUV,Hybrid,24,7.24,6.25,8,324,8954819.4,39111595.8,105.41
2022,1,China,5 Series,Electric,Electric,220,7.24,6.25,4,724,2872987.2,27927601.8,105.41
2017,7,USA,X7,Sedan,Electric,57,6.8,6,3,150,5618032.64,16563532.48,63.09
2021,3,Japan,X1,SUV,Petrol,95,9.05,4,4,429,5237453.76,9425613.12,99.86
2017,6,Brazil,i4,Electric,Hybrid,158,6.8,6,5,576,4423210.88,32231664.96,63.09
2020,5,India,7 Series,Sedan,Electric,197,5.83,4,1,744,8111134.2,26132550.6,79.76
2020,5,Germany,X5,SUV,Hybrid,381,5.83,4,1,819,4363674.9,19429316.4,79.76
2017,11,India,i7,Sedan,Petrol,315,6.8,6,3,1029,5839636,19581193.28,63.09
2021,5,USA,3 Series,SUV,Petrol,160,9.05,4,6,403,8027046.72,22163877.12,99.86
2017,1,France,3 Series,SUV,Petrol,150,6.8,6,1,515,6849972.8,18530612.32,63.09
2022,1,Japan,i4,SUV,Diesel,78,7.24,6.25,2,557,4530032.4,32347122.6,105.41
2024,3,Germany,7 Series,Sedan,Hybrid,269,6.8,6.5,7,607,5604601.6,4482816,94.77
2018,12,Australia,X3,Electric,Petrol,343,6.53,6.5,1,1116,6753649.28,33283361.3,75.55
2015,10,France,3 Series,Sedan,Hybrid,18,8,6.75,7,130,7185056.6,32006167.05,60.49
2018,4,China,X3,SUV,Diesel,130,6.53,6.5,4,559,6250709.22,6397132.21,75.55
2021,5,UK,X5,Sedan,Diesel,380,9.05,4,10,1088,5597074.56,21440939.52,99.86
2018,2,Australia,i4,Electric,Petrol,110,6.53,6.5,6,360,8064275.24,18400808.23,75.55
2020,8,India,7 Series,Sedan,Petrol,158,5.83,4,8,740,4584567,4801605.9,79.76
2023,11,India,7 Series,Electric,Electric,155,8.2,6.5,9,521,5977572.58,12785386.51,96.72
2015,11,China,iX,Electric,Hybrid,362,8,6.75,6,1196,5584706.55,31686379.3,60.49
2019,2,USA,i7,Sedan,Petrol,252,4.04,5.15,9,724,8083863.9,6956369.28,72.96
2021,9,Brazil,X1,SUV,Electric,250,9.05,4,4,710,8531033.28,12051473.28,99.86
2015,2,Australia,X1,Electric,Hybrid,346,8,6.75,6,1156,3080226.4,31212118.35,60.49
2018,9,Australia,X7,Sedan,Petrol,52,6.53,6.5,8,243,5275399.43,33103769.16,75.55
2020,7,Canada,5 Series,Electric,Electric,104,5.83,4,9,630,2604837.3,18569311.8,79.76
2016,8,France,i4,SUV,Electric,235,8.26,6.25,3,666,2879293.07,7012082.78,59.68
2024,11,Japan,X5,Sedan,Hybrid,15,6.8,6.5,2,59,3941932.8,8652550.4,94.77
2019,2,France,7 Series,Sedan,Electric,223,4.04,5.15,6,804,3576772.64,16296103.46,72.96
2024,7,Brazil,i7,Sedan,Hybrid,215,6.8,6.5,4,596,6104134.4,38462444.8,94.77
2015,12,India,X3,SUV,Hybrid,76,8,6.75,1,320,3406365,26592933.45,60.49
2020,6,India,i4,Electric,Hybrid,109,5.83,4,8,565,7295589.6,24207951.3,79.76
2020,4,India,X7,Sedan,Diesel,21,5.83,4,9,96,3412230.9,27347642.4,79.76
2018,7,Canada,i4,Electric,Electric,246,6.53,6.5,9,575,2447404.54,18218959.22,75.55
2022,4,India,X7,Electric,Hybrid,331,7.24,6.25,2,968,8245454.4,24402470.4,105.41
2018,2,Brazil,7 Series,SUV,Petrol,267,6.53,6.5,9,582,4493154.61,31700953.48,75.55
2022,10,China,5 Series,Sedan,Diesel,346,7.24,6.25,7,1124,6499512.6,16290243,105.41
2022,12,Japan,X7,Electric,Diesel,144,7.24,6.25,5,697,5662344,31911914.4,105.41
2019,7,Brazil,7 Series,Sedan,Electric,231,4.04,5.15,7,704,6548074.12,5255022.08,72.96
2018,8,Japan,7 Series,Sedan,Hybrid,165,6.53,6.5,9,332,5044583.18,16658914.93,75.55
2016,2,Brazil,5 Series,SUV,Electric,151,8.26,6.25,8,654,3937334,19134636.96,59.68
2017,5,India,X1,Sedan,Diesel,167,6.8,6,6,663,3569227.2,6297429.6,63.09
2017,1,China,i4,Sedan,Hybrid,335,6.8,6,4,698,6004324.48,9072909.12,63.09
2018,7,Australia,3 Series,Electric,Petrol,380,6.53,6.5,1,880,3767263.15,32141385.08,75.55
2018,8,France,3 Series,SUV,Hybrid,353,6.53,6.5,6,887,5597995.06,25477600.26,75.55
2024,6,UK,X3,Sedan,Diesel,271,6.8,6.5,3,720,9135110.4,9848300.8,94.77
2019,5,China,X3,Electric,Petrol,292,4.04,5.15,6,910,8398922.98,17738305.06,72.96
2018,6,Australia,3 Series,SUV,Hybrid,347,6.53,6.5,6,726,5114135.81,22003319.87,75.55
2024,2,USA,X5,SUV,Petrol,353,6.8,6.5,4,821,7588422.4,13562598.4,94.77
2022,1,Brazil,3 Series,Electric,Petrol,238,7.24,6.25,2,710,5421828,35946295.2,105.41
2020,7,USA,X3,Electric,Diesel,385,5.83,4,9,1036,6751769.7,28552582.5,79.76
2020,7,Australia,i7,Electric,Petrol,289,5.83,4,2,648,3641348.1,16736077.8,79.76
2022,10,China,X3,Electric,Electric,367,7.24,6.25,3,783,3485438.4,21674578.8,105.41
2021,11,Brazil,X5,Electric,Diesel,299,9.05,4,10,668,3762232.32,12840717.12,99.86
2024,10,UK,i4,Sedan,Electric,177,6.8,6.5,1,570,5392441.6,10518560,94.77
2024,2,India,3 Series,Sedan,Petrol,56,6.8,6.5,7,433,9936659.2,39395366.4,94.77
2022,2,Brazil,5 Series,SUV,Electric,212,7.24,6.25,1,614,7913369.4,5187128.4,105.41
2016,1,Brazil,i7,Sedan,Hybrid,223,8.26,6.25,9,511,3069306.39,10879068.85,59.68
2023,10,China,7 Series,Sedan,Petrol,255,8.2,6.5,1,891,8909550.71,35926619.85,96.72
